<?xml version = '1.0' encoding = 'UTF-8'?>
<Diagram class="oracle.dbtools.crest.swingui.logical.DPVLogical" name="Logical" id="A8A43A4F-AF56-1393-CAD4-B48265E6B7C1">
<createdBy>casa</createdBy>
<modifiedBy>casa</modifiedBy>
<createdTime>2020-03-26 23:49:04 UTC</createdTime>
<autoRoute>false</autoRoute>
<boxInbox>true</boxInbox>
<showLegend>false</showLegend>
<showLabels>false</showLabels>
<showRelAttributes>false</showRelAttributes>
<gridEnabled>false</gridEnabled>
<showGrid>false</showGrid>
<diagramColor>-1</diagramColor>
<display>false</display>
<notation>1</notation>
<objectViews>
<OView class="oracle.dbtools.crest.swingui.logical.TVEntity" oid="04893913-6C34-B974-6D4B-E7998F130F58" otype="Entity" vid="ADAFF6BE-7EAA-51F4-9104-D3362C6A64CC">
<hideElementsInCurrentOnly>false</hideElementsInCurrentOnly>
<bounds x="99" y="264" width="117" height="41"/>
</OView>
<OView class="oracle.dbtools.crest.swingui.logical.TVEntity" oid="0CCD2E49-ABF6-9834-8BDE-9C62EA6052B8" otype="Entity" vid="4024912F-8D63-FE4C-8D42-C27D8DBABCE2">
<hideElementsInCurrentOnly>false</hideElementsInCurrentOnly>
<bounds x="118" y="410" width="122" height="49"/>
</OView>
<OView class="oracle.dbtools.crest.swingui.logical.TVEntity" oid="3027ED30-9B94-2135-DA18-6FE0A4400BA9" otype="Entity" vid="18340B07-DD56-1C0A-B4D9-251A1079F49A">
<hideElementsInCurrentOnly>false</hideElementsInCurrentOnly>
<bounds x="756" y="189" width="152" height="104"/>
</OView>
<OView class="oracle.dbtools.crest.swingui.logical.TVEntity" oid="3F7B5187-5C01-0630-300A-D899DF0F583E" otype="Entity" vid="6CADB83D-30CC-93CE-254E-9E0E91BA76FF">
<hideElementsInCurrentOnly>false</hideElementsInCurrentOnly>
<bounds x="870" y="330" width="161" height="42"/>
</OView>
<OView class="oracle.dbtools.crest.swingui.logical.TVEntity" oid="407CE0DA-267D-7341-1461-195C29243278" otype="Entity" vid="A73F2241-4D04-38AC-D679-6843CB592837">
<hideElementsInCurrentOnly>false</hideElementsInCurrentOnly>
<bounds x="144" y="148" width="110" height="48"/>
</OView>
<OView class="oracle.dbtools.crest.swingui.logical.TVEntity" oid="42FDB96A-C573-4308-E3E7-FCBD2B967E02" otype="Entity" vid="17235D3F-6E60-0BC7-95C7-19D1E674CAB9">
<hideElementsInCurrentOnly>false</hideElementsInCurrentOnly>
<bounds x="977" y="186" width="126" height="103"/>
</OView>
<OView class="oracle.dbtools.crest.swingui.logical.TVEntity" oid="551C9A98-B28E-3B51-178B-F0297D2D98A1" otype="Entity" vid="0DFD2C9A-7F86-2198-EA02-2507944C8476">
<hideElementsInCurrentOnly>false</hideElementsInCurrentOnly>
<bounds x="327" y="408" width="135" height="50"/>
</OView>
<OView class="oracle.dbtools.crest.swingui.logical.TVEntity" oid="5C84E379-CCF3-AAF8-D570-47F0A3B4845F" otype="Entity" vid="F459E2F7-C0DA-30BF-25EA-F462D5C7CBB1">
<hideElementsInCurrentOnly>false</hideElementsInCurrentOnly>
<bounds x="323" y="141" width="106" height="46"/>
</OView>
<OView class="oracle.dbtools.crest.swingui.logical.TVEntity" oid="6DA25806-C9E8-C64A-57F0-A4168A0CC229" otype="Entity" vid="87A8B517-6F69-66FB-47E1-FD3746CA5B1D">
<hideElementsInCurrentOnly>false</hideElementsInCurrentOnly>
<bounds x="642" y="345" width="131" height="91"/>
</OView>
<OView class="oracle.dbtools.crest.swingui.logical.TVEntity" oid="80A81754-6382-D576-4FD5-BB4F95B7FAD6" otype="Entity" vid="20BFF7D3-250C-350B-6695-009CB1EB0B11">
<hideElementsInCurrentOnly>false</hideElementsInCurrentOnly>
<bounds x="243" y="260" width="138" height="119"/>
</OView>
<OView class="oracle.dbtools.crest.swingui.logical.TVEntity" oid="8456F8C3-8685-01E1-0A0C-6986CDCEB625" otype="Entity" vid="4B985A8E-91E5-EAE3-F894-8456D7E79E17">
<hideElementsInCurrentOnly>false</hideElementsInCurrentOnly>
<bounds x="561" y="63" width="111" height="54"/>
</OView>
<OView class="oracle.dbtools.crest.swingui.logical.TVEntity" oid="BC08BAED-7CF8-EF74-DAF0-E1AE6EBCC91C" otype="Entity" vid="B1EDE9C0-3B22-869F-B7C4-80892330390D">
<hideElementsInCurrentOnly>false</hideElementsInCurrentOnly>
<bounds x="736" y="64" width="125" height="53"/>
</OView>
<OView class="oracle.dbtools.crest.swingui.logical.TVEntity" oid="C98D1BF5-BDD3-4435-9A61-BDD14E705B0F" otype="Entity" vid="2AFEBB3A-2E0C-C82D-CBBE-C648223A052E">
<hideElementsInCurrentOnly>false</hideElementsInCurrentOnly>
<bounds x="429" y="243" width="144" height="91"/>
</OView>
<OView class="oracle.dbtools.crest.swingui.logical.TVEntity" oid="CAE5B370-9ACE-F8B1-E3CA-872A2D783662" otype="Entity" vid="04367180-01B6-017C-F1C7-524C97AB5515">
<hideElementsInCurrentOnly>false</hideElementsInCurrentOnly>
<bounds x="851" y="405" width="111" height="50"/>
</OView>
<OView class="oracle.dbtools.crest.swingui.logical.TVEntity" oid="FB118114-B870-440A-E7C4-43F69BDF2381" otype="Entity" vid="82E64E74-A137-B2B5-4521-C1986A7B7DE4">
<hideElementsInCurrentOnly>false</hideElementsInCurrentOnly>
<bounds x="614" y="201" width="106" height="112"/>
</OView>
</objectViews>
<connectors>
<Connector class="oracle.dbtools.crest.swingui.logical.TVRelation" oid="00C85431-E2B0-B3B3-F1CE-5FE6A794012B" otype="Relation" vid_source="0DFD2C9A-7F86-2198-EA02-2507944C8476" vid_target="2AFEBB3A-2E0C-C82D-CBBE-C648223A052E">
<hideElementsInCurrentOnly>false</hideElementsInCurrentOnly>
<backgroundColor>-16777216</backgroundColor>
<lineWidth>1</lineWidth>
<points>
<point x="445" y="408"/>
<point x="445" y="334"/>
</points>
</Connector>
<Connector class="oracle.dbtools.crest.swingui.logical.TVRelation" oid="06622816-BCBC-0531-8D2A-A45CEF2EA3B8" otype="Relation" vid_source="20BFF7D3-250C-350B-6695-009CB1EB0B11" vid_target="2AFEBB3A-2E0C-C82D-CBBE-C648223A052E">
<hideElementsInCurrentOnly>false</hideElementsInCurrentOnly>
<backgroundColor>-16777216</backgroundColor>
<lineWidth>1</lineWidth>
<points>
<point x="381" y="297"/>
<point x="429" y="297"/>
</points>
</Connector>
<Connector class="oracle.dbtools.crest.swingui.logical.TVRelation" oid="0AE4CF6C-4F0B-8690-267F-892D5CD3FE3C" otype="Relation" vid_source="B1EDE9C0-3B22-869F-B7C4-80892330390D" vid_target="82E64E74-A137-B2B5-4521-C1986A7B7DE4">
<hideElementsInCurrentOnly>false</hideElementsInCurrentOnly>
<backgroundColor>-16777216</backgroundColor>
<lineWidth>1</lineWidth>
<points>
<point x="777" y="117"/>
<point x="711" y="201"/>
</points>
</Connector>
<Connector class="oracle.dbtools.crest.swingui.logical.TVRelation" oid="2487FD9E-6164-850B-6BDA-8B1024339A03" otype="Relation" vid_source="82E64E74-A137-B2B5-4521-C1986A7B7DE4" vid_target="2AFEBB3A-2E0C-C82D-CBBE-C648223A052E">
<hideElementsInCurrentOnly>false</hideElementsInCurrentOnly>
<backgroundColor>-16777216</backgroundColor>
<lineWidth>1</lineWidth>
<points>
<point x="614" y="278"/>
<point x="573" y="278"/>
</points>
</Connector>
<Connector class="oracle.dbtools.crest.swingui.logical.TVRelation" oid="35E8213E-3703-796C-5ACE-6403767E3CE9" otype="Relation" vid_source="04367180-01B6-017C-F1C7-524C97AB5515" vid_target="87A8B517-6F69-66FB-47E1-FD3746CA5B1D">
<hideElementsInCurrentOnly>false</hideElementsInCurrentOnly>
<backgroundColor>-16777216</backgroundColor>
<lineWidth>1</lineWidth>
<points>
<point x="851" y="420"/>
<point x="773" y="420"/>
</points>
</Connector>
<Connector class="oracle.dbtools.crest.swingui.logical.TVRelation" oid="5FF53761-C438-F992-8A0B-8689D0BD7F11" otype="Relation" vid_source="4024912F-8D63-FE4C-8D42-C27D8DBABCE2" vid_target="20BFF7D3-250C-350B-6695-009CB1EB0B11">
<hideElementsInCurrentOnly>false</hideElementsInCurrentOnly>
<backgroundColor>-16777216</backgroundColor>
<lineWidth>1</lineWidth>
<points>
<point x="207" y="410"/>
<point x="243" y="379"/>
</points>
</Connector>
<Connector class="oracle.dbtools.crest.swingui.logical.TVRelation" oid="63CEF0C3-478C-26AF-2BEE-FCDFEF9B954F" otype="Relation" vid_source="ADAFF6BE-7EAA-51F4-9104-D3362C6A64CC" vid_target="20BFF7D3-250C-350B-6695-009CB1EB0B11">
<hideElementsInCurrentOnly>false</hideElementsInCurrentOnly>
<backgroundColor>-16777216</backgroundColor>
<lineWidth>1</lineWidth>
<points>
<point x="216" y="284"/>
<point x="243" y="284"/>
</points>
</Connector>
<Connector class="oracle.dbtools.crest.swingui.logical.TVRelation" oid="871CF409-186D-1628-B972-EBD98B63C5C1" otype="Relation" vid_source="17235D3F-6E60-0BC7-95C7-19D1E674CAB9" vid_target="6CADB83D-30CC-93CE-254E-9E0E91BA76FF">
<hideElementsInCurrentOnly>false</hideElementsInCurrentOnly>
<backgroundColor>-16777216</backgroundColor>
<lineWidth>1</lineWidth>
<points>
<point x="1004" y="289"/>
<point x="1004" y="330"/>
</points>
</Connector>
<Connector class="oracle.dbtools.crest.swingui.logical.TVRelation" oid="B59FD10A-C851-961F-145F-377B70C8C05B" otype="Relation" vid_source="18340B07-DD56-1C0A-B4D9-251A1079F49A" vid_target="6CADB83D-30CC-93CE-254E-9E0E91BA76FF">
<hideElementsInCurrentOnly>false</hideElementsInCurrentOnly>
<backgroundColor>-16777216</backgroundColor>
<lineWidth>1</lineWidth>
<points>
<point x="889" y="293"/>
<point x="889" y="330"/>
</points>
</Connector>
<Connector class="oracle.dbtools.crest.swingui.logical.TVRelation" oid="B9C77970-14FA-0D50-7D77-3ADB632C7223" otype="Relation" vid_source="18340B07-DD56-1C0A-B4D9-251A1079F49A" vid_target="82E64E74-A137-B2B5-4521-C1986A7B7DE4">
<hideElementsInCurrentOnly>false</hideElementsInCurrentOnly>
<backgroundColor>-16777216</backgroundColor>
<lineWidth>1</lineWidth>
<points>
<point x="756" y="247"/>
<point x="720" y="247"/>
</points>
</Connector>
<Connector class="oracle.dbtools.crest.swingui.logical.TVRelation" oid="C13AA2D9-D6AE-7A43-F1A3-E64561335DD7" otype="Relation" vid_source="2AFEBB3A-2E0C-C82D-CBBE-C648223A052E" vid_target="87A8B517-6F69-66FB-47E1-FD3746CA5B1D">
<hideElementsInCurrentOnly>false</hideElementsInCurrentOnly>
<backgroundColor>-16777216</backgroundColor>
<lineWidth>1</lineWidth>
<points>
<point x="573" y="324"/>
<point x="642" y="358"/>
</points>
</Connector>
<Connector class="oracle.dbtools.crest.swingui.logical.TVRelation" oid="DF7863BD-FC8B-131E-E1E5-6F175B07598E" otype="Relation" vid_source="A73F2241-4D04-38AC-D679-6843CB592837" vid_target="20BFF7D3-250C-350B-6695-009CB1EB0B11">
<hideElementsInCurrentOnly>false</hideElementsInCurrentOnly>
<backgroundColor>-16777216</backgroundColor>
<lineWidth>1</lineWidth>
<points>
<point x="248" y="196"/>
<point x="248" y="260"/>
</points>
</Connector>
<Connector class="oracle.dbtools.crest.swingui.logical.TVRelation" oid="F143EA32-5738-554F-A679-2E063E1B72B0" otype="Relation" vid_source="4B985A8E-91E5-EAE3-F894-8456D7E79E17" vid_target="B1EDE9C0-3B22-869F-B7C4-80892330390D">
<hideElementsInCurrentOnly>false</hideElementsInCurrentOnly>
<backgroundColor>-16777216</backgroundColor>
<lineWidth>1</lineWidth>
<points>
<point x="672" y="90"/>
<point x="736" y="90"/>
</points>
</Connector>
<Connector class="oracle.dbtools.crest.swingui.logical.TVRelation" oid="F1B9F602-AC84-5ACA-E455-D28E5FFC52BE" otype="Relation" vid_source="F459E2F7-C0DA-30BF-25EA-F462D5C7CBB1" vid_target="20BFF7D3-250C-350B-6695-009CB1EB0B11">
<hideElementsInCurrentOnly>false</hideElementsInCurrentOnly>
<backgroundColor>-16777216</backgroundColor>
<lineWidth>1</lineWidth>
<points>
<point x="352" y="187"/>
<point x="352" y="260"/>
</points>
</Connector>
</connectors>
</Diagram>