<?xml version = '1.0' encoding = 'UTF-8'?>
<Entity class="oracle.dbtools.crest.model.design.logical.Entity" directorySegmentName="seg_0" id="04893913-6C34-B974-6D4B-E7998F130F58" name="Entidad_Cliente">
<createdBy>casa</createdBy>
<createdTime>2020-03-27 00:11:11 UTC</createdTime>
<ownerDesignName>Biblioteca</ownerDesignName>
<engineerTo>
<item key="1D9131F1-AB98-E033-400D-45CF33EE15F8" value="true"/>
</engineerTo>
<adequatelyNormalized>NO</adequatelyNormalized>
<expectedVolumes>0</expectedVolumes>
<fwdEngineeringStrategyName>Single Table</fwdEngineeringStrategyName>
<growthPercent>0</growthPercent>
<growthType>Year</growthType>
<maxVolumes>9999999</maxVolumes>
<minVolumes>0</minVolumes>
<normalForm>Third</normalForm>
<attributes itemClass="oracle.dbtools.crest.model.design.logical.Attribute">
<Attribute name="Id_Entidad_Cliente" id="B75BBA7E-4D0F-F177-1973-C5D5A73FE0E6">
<createdBy>casa</createdBy>
<createdTime>2020-03-27 00:11:23 UTC</createdTime>
<ownerDesignName>Biblioteca</ownerDesignName>
<engineerTo>
<item key="1D9131F1-AB98-E033-400D-45CF33EE15F8" value="true"/>
</engineerTo>
<useDomainConstraints>false</useDomainConstraints>
<use>1</use>
<logicalDatatype>LOGDT011</logicalDatatype>
<ownDataTypeParameters>,,</ownDataTypeParameters>
</Attribute>
</attributes>
<identifiers itemClass="oracle.dbtools.crest.model.design.logical.CandidateKey">
<identifier id="812E796A-41EE-9B58-AD7D-EDD656E0E2FE" name="Entidad_Cliente PK">
<createdBy>casa</createdBy>
<createdTime>2020-03-27 00:11:35 UTC</createdTime>
<ownerDesignName>Biblioteca</ownerDesignName>
<engineerTo>
<item key="1D9131F1-AB98-E033-400D-45CF33EE15F8" value="true"/>
</engineerTo>
<pk>true</pk>
<usedAttributes>
<attributeRef>B75BBA7E-4D0F-F177-1973-C5D5A73FE0E6</attributeRef>
</usedAttributes>
</identifier>
</identifiers>
</Entity>