<?xml version = '1.0' encoding = 'UTF-8'?>
<Entity class="oracle.dbtools.crest.model.design.logical.Entity" directorySegmentName="seg_0" id="3F7B5187-5C01-0630-300A-D899DF0F583E" name="Empresa_Casa_Editorial">
<createdBy>casa</createdBy>
<createdTime>2020-03-27 00:08:22 UTC</createdTime>
<ownerDesignName>Biblioteca</ownerDesignName>
<engineerTo>
<item key="1D9131F1-AB98-E033-400D-45CF33EE15F8" value="true"/>
</engineerTo>
<adequatelyNormalized>NO</adequatelyNormalized>
<expectedVolumes>0</expectedVolumes>
<fwdEngineeringStrategyName>Single Table</fwdEngineeringStrategyName>
<growthPercent>0</growthPercent>
<growthType>Year</growthType>
<maxVolumes>9999999</maxVolumes>
<minVolumes>0</minVolumes>
<normalForm>Third</normalForm>
<attributes itemClass="oracle.dbtools.crest.model.design.logical.Attribute">
<Attribute name="Id_Empresa_Casa_Editorial" id="A783194E-E1DD-1C6A-CB56-C38CF60B8059">
<createdBy>casa</createdBy>
<createdTime>2020-03-27 00:09:07 UTC</createdTime>
<ownerDesignName>Biblioteca</ownerDesignName>
<engineerTo>
<item key="1D9131F1-AB98-E033-400D-45CF33EE15F8" value="true"/>
</engineerTo>
<useDomainConstraints>false</useDomainConstraints>
<use>1</use>
<logicalDatatype>LOGDT011</logicalDatatype>
<ownDataTypeParameters>,,</ownDataTypeParameters>
</Attribute>
<Attribute name="Id_Casas_editoriales" id="DAE029A4-6C63-B93E-864B-8F9BB5B7ED75">
<createdBy>casa</createdBy>
<createdTime>2020-03-27 00:09:33 UTC</createdTime>
<generatorID>871CF409-186D-1628-B972-EBD98B63C5C1</generatorID>
<ownerDesignName>Biblioteca</ownerDesignName>
<engineerTo>
<item key="1D9131F1-AB98-E033-400D-45CF33EE15F8" value="true"/>
</engineerTo>
<referedAttribute>D3892C19-969B-B0EF-CB9E-45C863D2A6D9</referedAttribute>
<useDomainConstraints>false</useDomainConstraints>
<use>1</use>
<logicalDatatype>LOGDT011</logicalDatatype>
<ownDataTypeParameters>,,</ownDataTypeParameters>
</Attribute>
<Attribute name="Id_Empresa_Proveedora" id="9F7E0827-06C0-5284-39B1-DA94591469F2">
<createdBy>casa</createdBy>
<createdTime>2020-03-27 00:09:51 UTC</createdTime>
<generatorID>B59FD10A-C851-961F-145F-377B70C8C05B</generatorID>
<ownerDesignName>Biblioteca</ownerDesignName>
<engineerTo>
<item key="1D9131F1-AB98-E033-400D-45CF33EE15F8" value="true"/>
</engineerTo>
<referedAttribute>24402B7B-3020-5371-C6FF-52613BDFD944</referedAttribute>
<useDomainConstraints>false</useDomainConstraints>
<use>1</use>
<logicalDatatype>LOGDT011</logicalDatatype>
<ownDataTypeParameters>,,</ownDataTypeParameters>
</Attribute>
</attributes>
<identifiers itemClass="oracle.dbtools.crest.model.design.logical.CandidateKey">
<identifier id="F3682415-3C3E-F9E4-EE1B-8EED745B3819" name="Empresa_Casa_Editorial PK">
<createdBy>casa</createdBy>
<createdTime>2020-03-27 00:09:19 UTC</createdTime>
<ownerDesignName>Biblioteca</ownerDesignName>
<engineerTo>
<item key="1D9131F1-AB98-E033-400D-45CF33EE15F8" value="true"/>
</engineerTo>
<pk>true</pk>
<usedAttributes>
<attributeRef>A783194E-E1DD-1C6A-CB56-C38CF60B8059</attributeRef>
</usedAttributes>
</identifier>
</identifiers>
</Entity>