<?xml version = '1.0' encoding = 'UTF-8'?>
<Entity class="oracle.dbtools.crest.model.design.logical.Entity" directorySegmentName="seg_0" id="42FDB96A-C573-4308-E3E7-FCBD2B967E02" name="Casas_editoriales">
<createdBy>casa</createdBy>
<createdTime>2020-03-27 00:02:02 UTC</createdTime>
<ownerDesignName>Biblioteca</ownerDesignName>
<engineerTo>
<item key="1D9131F1-AB98-E033-400D-45CF33EE15F8" value="true"/>
</engineerTo>
<adequatelyNormalized>NO</adequatelyNormalized>
<expectedVolumes>0</expectedVolumes>
<fwdEngineeringStrategyName>Single Table</fwdEngineeringStrategyName>
<growthPercent>0</growthPercent>
<growthType>Year</growthType>
<maxVolumes>9999999</maxVolumes>
<minVolumes>0</minVolumes>
<normalForm>Third</normalForm>
<attributes itemClass="oracle.dbtools.crest.model.design.logical.Attribute">
<Attribute name="Id_Casas_editoriales" id="D3892C19-969B-B0EF-CB9E-45C863D2A6D9">
<createdBy>casa</createdBy>
<createdTime>2020-03-27 00:02:14 UTC</createdTime>
<ownerDesignName>Biblioteca</ownerDesignName>
<engineerTo>
<item key="1D9131F1-AB98-E033-400D-45CF33EE15F8" value="true"/>
</engineerTo>
<useDomainConstraints>false</useDomainConstraints>
<use>1</use>
<logicalDatatype>LOGDT011</logicalDatatype>
<ownDataTypeParameters>,,</ownDataTypeParameters>
</Attribute>
<Attribute name="Nombre" id="0AA07812-9F52-1DAF-CDD5-1E024FF38FD3">
<createdBy>casa</createdBy>
<createdTime>2020-03-27 01:36:45 UTC</createdTime>
<ownerDesignName>Biblioteca</ownerDesignName>
<engineerTo>
<item key="1D9131F1-AB98-E033-400D-45CF33EE15F8" value="true"/>
</engineerTo>
<nullsAllowed>true</nullsAllowed>
<useDomainConstraints>false</useDomainConstraints>
<use>1</use>
<logicalDatatype>LOGDT024</logicalDatatype>
<dataTypeSize>200</dataTypeSize>
<ownDataTypeParameters>200,,</ownDataTypeParameters>
</Attribute>
<Attribute name="Direccion" id="48C3C953-9DB5-3CEA-0188-91673A1ADBB6">
<createdBy>casa</createdBy>
<createdTime>2020-03-27 01:36:45 UTC</createdTime>
<ownerDesignName>Biblioteca</ownerDesignName>
<engineerTo>
<item key="1D9131F1-AB98-E033-400D-45CF33EE15F8" value="true"/>
</engineerTo>
<nullsAllowed>true</nullsAllowed>
<useDomainConstraints>false</useDomainConstraints>
<use>1</use>
<logicalDatatype>LOGDT024</logicalDatatype>
<dataTypeSize>100</dataTypeSize>
<ownDataTypeParameters>100,,</ownDataTypeParameters>
</Attribute>
<Attribute name="Telefono" id="507065B5-247F-24A4-7791-AEBB1E398F28">
<createdBy>casa</createdBy>
<createdTime>2020-03-27 01:36:45 UTC</createdTime>
<ownerDesignName>Biblioteca</ownerDesignName>
<engineerTo>
<item key="1D9131F1-AB98-E033-400D-45CF33EE15F8" value="true"/>
</engineerTo>
<nullsAllowed>true</nullsAllowed>
<useDomainConstraints>false</useDomainConstraints>
<use>1</use>
<logicalDatatype>LOGDT011</logicalDatatype>
<ownDataTypeParameters>,,</ownDataTypeParameters>
</Attribute>
<Attribute name="Correo_Electronico" id="B859C349-EDEC-5FD9-9C8E-43B725499B86">
<createdBy>casa</createdBy>
<createdTime>2020-03-27 01:36:45 UTC</createdTime>
<ownerDesignName>Biblioteca</ownerDesignName>
<engineerTo>
<item key="1D9131F1-AB98-E033-400D-45CF33EE15F8" value="true"/>
</engineerTo>
<nullsAllowed>true</nullsAllowed>
<useDomainConstraints>false</useDomainConstraints>
<use>1</use>
<logicalDatatype>LOGDT024</logicalDatatype>
<dataTypeSize>100</dataTypeSize>
<ownDataTypeParameters>100,,</ownDataTypeParameters>
</Attribute>
<Attribute name="Nit" id="2DF7E8D6-C1F2-71E2-3F45-1400E9BFA8E6">
<createdBy>casa</createdBy>
<createdTime>2020-03-27 01:36:45 UTC</createdTime>
<ownerDesignName>Biblioteca</ownerDesignName>
<engineerTo>
<item key="1D9131F1-AB98-E033-400D-45CF33EE15F8" value="true"/>
</engineerTo>
<nullsAllowed>true</nullsAllowed>
<useDomainConstraints>false</useDomainConstraints>
<use>1</use>
<logicalDatatype>LOGDT011</logicalDatatype>
<ownDataTypeParameters>,,</ownDataTypeParameters>
</Attribute>
</attributes>
<identifiers itemClass="oracle.dbtools.crest.model.design.logical.CandidateKey">
<identifier id="1316461E-6664-27D9-178D-300B5F5010B2" name="Casas_editoriales PK">
<createdBy>casa</createdBy>
<createdTime>2020-03-27 00:02:44 UTC</createdTime>
<ownerDesignName>Biblioteca</ownerDesignName>
<engineerTo>
<item key="1D9131F1-AB98-E033-400D-45CF33EE15F8" value="true"/>
</engineerTo>
<pk>true</pk>
<usedAttributes>
<attributeRef>D3892C19-969B-B0EF-CB9E-45C863D2A6D9</attributeRef>
</usedAttributes>
</identifier>
</identifiers>
</Entity>