<?xml version = '1.0' encoding = 'UTF-8'?>
<Entity class="oracle.dbtools.crest.model.design.logical.Entity" directorySegmentName="seg_0" id="6DA25806-C9E8-C64A-57F0-A4168A0CC229" name="Historial_Multas">
<createdBy>casa</createdBy>
<createdTime>2020-03-27 01:01:12 UTC</createdTime>
<ownerDesignName>Biblioteca</ownerDesignName>
<engineerTo>
<item key="1D9131F1-AB98-E033-400D-45CF33EE15F8" value="true"/>
</engineerTo>
<adequatelyNormalized>NO</adequatelyNormalized>
<expectedVolumes>0</expectedVolumes>
<fwdEngineeringStrategyName>Single Table</fwdEngineeringStrategyName>
<growthPercent>0</growthPercent>
<growthType>Year</growthType>
<maxVolumes>9999999</maxVolumes>
<minVolumes>0</minVolumes>
<normalForm>Third</normalForm>
<attributes itemClass="oracle.dbtools.crest.model.design.logical.Attribute">
<Attribute name="Id_Historial_Multas" id="C81A3D5C-1A80-8FC1-5B87-D6DAA3150A86">
<createdBy>casa</createdBy>
<createdTime>2020-03-27 01:01:35 UTC</createdTime>
<ownerDesignName>Biblioteca</ownerDesignName>
<engineerTo>
<item key="1D9131F1-AB98-E033-400D-45CF33EE15F8" value="true"/>
</engineerTo>
<useDomainConstraints>false</useDomainConstraints>
<use>1</use>
<logicalDatatype>LOGDT011</logicalDatatype>
<ownDataTypeParameters>,,</ownDataTypeParameters>
</Attribute>
<Attribute name="Fecha_Multa" id="1CC5AAC9-1F9E-C5C9-DCEE-0823A804672F">
<createdBy>casa</createdBy>
<createdTime>2020-03-27 01:02:28 UTC</createdTime>
<ownerDesignName>Biblioteca</ownerDesignName>
<engineerTo>
<item key="1D9131F1-AB98-E033-400D-45CF33EE15F8" value="true"/>
</engineerTo>
<nullsAllowed>true</nullsAllowed>
<useDomainConstraints>false</useDomainConstraints>
<use>1</use>
<logicalDatatype>LOGDT007</logicalDatatype>
<ownDataTypeParameters>,,</ownDataTypeParameters>
</Attribute>
<Attribute name="Fecha_Pago_multa" id="CC8A3B0C-F5DF-E004-6F09-8843EE275C51">
<createdBy>casa</createdBy>
<createdTime>2020-03-27 01:03:02 UTC</createdTime>
<ownerDesignName>Biblioteca</ownerDesignName>
<engineerTo>
<item key="1D9131F1-AB98-E033-400D-45CF33EE15F8" value="true"/>
</engineerTo>
<nullsAllowed>true</nullsAllowed>
<useDomainConstraints>false</useDomainConstraints>
<use>1</use>
<logicalDatatype>LOGDT007</logicalDatatype>
<ownDataTypeParameters>,,</ownDataTypeParameters>
</Attribute>
<Attribute name="Id_Estado_Multa" id="BD9151E4-4A37-A2C5-25B0-400D78E30010">
<createdBy>casa</createdBy>
<createdTime>2020-03-27 01:05:23 UTC</createdTime>
<generatorID>35E8213E-3703-796C-5ACE-6403767E3CE9</generatorID>
<ownerDesignName>Biblioteca</ownerDesignName>
<engineerTo>
<item key="1D9131F1-AB98-E033-400D-45CF33EE15F8" value="true"/>
</engineerTo>
<referedAttribute>98448BAD-BAB7-471F-39AD-89438B29DF49</referedAttribute>
<useDomainConstraints>false</useDomainConstraints>
<use>1</use>
<logicalDatatype>LOGDT011</logicalDatatype>
<ownDataTypeParameters>,,</ownDataTypeParameters>
</Attribute>
<Attribute name="Id_Historial_Prestamo" id="4DC44FBE-14DB-0677-9C54-50346FC1C4E2">
<createdBy>casa</createdBy>
<createdTime>2020-03-27 01:10:43 UTC</createdTime>
<generatorID>C13AA2D9-D6AE-7A43-F1A3-E64561335DD7</generatorID>
<ownerDesignName>Biblioteca</ownerDesignName>
<engineerTo>
<item key="1D9131F1-AB98-E033-400D-45CF33EE15F8" value="true"/>
</engineerTo>
<referedAttribute>0D9C159D-20BF-EFAB-139A-8A6B4F77B53B</referedAttribute>
<useDomainConstraints>false</useDomainConstraints>
<use>1</use>
<logicalDatatype>LOGDT011</logicalDatatype>
<ownDataTypeParameters>,,</ownDataTypeParameters>
</Attribute>
<Attribute name="Valor_Multa" id="0A131189-E710-755F-342D-E264221B59BB">
<createdBy>casa</createdBy>
<createdTime>2020-03-27 01:15:28 UTC</createdTime>
<ownerDesignName>Biblioteca</ownerDesignName>
<engineerTo>
<item key="1D9131F1-AB98-E033-400D-45CF33EE15F8" value="true"/>
</engineerTo>
<nullsAllowed>true</nullsAllowed>
<useDomainConstraints>false</useDomainConstraints>
<use>1</use>
<logicalDatatype>LOGDT019</logicalDatatype>
<dataTypePrecision>6</dataTypePrecision>
<dataTypeScale>3</dataTypeScale>
<ownDataTypeParameters>,6,3</ownDataTypeParameters>
</Attribute>
<Attribute name="Porcentaje_Multa" id="8553EB0C-EB7D-0E8C-E4AB-EDF0FBBEED66">
<createdBy>casa</createdBy>
<createdTime>2020-03-27 01:15:28 UTC</createdTime>
<ownerDesignName>Biblioteca</ownerDesignName>
<engineerTo>
<item key="1D9131F1-AB98-E033-400D-45CF33EE15F8" value="true"/>
</engineerTo>
<nullsAllowed>true</nullsAllowed>
<useDomainConstraints>false</useDomainConstraints>
<use>1</use>
<logicalDatatype>LOGDT019</logicalDatatype>
<dataTypePrecision>5</dataTypePrecision>
<dataTypeScale>4</dataTypeScale>
<ownDataTypeParameters>,5,4</ownDataTypeParameters>
</Attribute>
</attributes>
<identifiers itemClass="oracle.dbtools.crest.model.design.logical.CandidateKey">
<identifier id="15DF2DF8-5D52-88AF-3340-061AEB0C9385" name="Historial_Multas PK">
<createdBy>casa</createdBy>
<createdTime>2020-03-27 01:02:06 UTC</createdTime>
<ownerDesignName>Biblioteca</ownerDesignName>
<engineerTo>
<item key="1D9131F1-AB98-E033-400D-45CF33EE15F8" value="true"/>
</engineerTo>
<pk>true</pk>
<usedAttributes>
<attributeRef>C81A3D5C-1A80-8FC1-5B87-D6DAA3150A86</attributeRef>
</usedAttributes>
</identifier>
</identifiers>
</Entity>