<?xml version = '1.0' encoding = 'UTF-8'?>
<Entity class="oracle.dbtools.crest.model.design.logical.Entity" directorySegmentName="seg_0" id="80A81754-6382-D576-4FD5-BB4F95B7FAD6" name="Cliente">
<createdBy>casa</createdBy>
<createdTime>2020-03-26 23:58:16 UTC</createdTime>
<ownerDesignName>Biblioteca</ownerDesignName>
<engineerTo>
<item key="1D9131F1-AB98-E033-400D-45CF33EE15F8" value="true"/>
</engineerTo>
<adequatelyNormalized>NO</adequatelyNormalized>
<expectedVolumes>0</expectedVolumes>
<fwdEngineeringStrategyName>Single Table</fwdEngineeringStrategyName>
<growthPercent>0</growthPercent>
<growthType>Year</growthType>
<maxVolumes>9999999</maxVolumes>
<minVolumes>0</minVolumes>
<normalForm>Third</normalForm>
<attributes itemClass="oracle.dbtools.crest.model.design.logical.Attribute">
<Attribute name="Id_Cliente" id="03321BD3-0358-CD44-5C4F-762E13776D92">
<createdBy>casa</createdBy>
<createdTime>2020-03-26 23:58:33 UTC</createdTime>
<ownerDesignName>Biblioteca</ownerDesignName>
<engineerTo>
<item key="1D9131F1-AB98-E033-400D-45CF33EE15F8" value="true"/>
</engineerTo>
<useDomainConstraints>false</useDomainConstraints>
<use>1</use>
<logicalDatatype>LOGDT011</logicalDatatype>
<ownDataTypeParameters>,,</ownDataTypeParameters>
</Attribute>
<Attribute name="id_Tipo_Cliente" id="54416C8D-D520-5AA0-3233-CF17494E1DCA">
<createdBy>casa</createdBy>
<createdTime>2020-03-27 00:06:44 UTC</createdTime>
<generatorID>F1B9F602-AC84-5ACA-E455-D28E5FFC52BE</generatorID>
<ownerDesignName>Biblioteca</ownerDesignName>
<engineerTo>
<item key="1D9131F1-AB98-E033-400D-45CF33EE15F8" value="true"/>
</engineerTo>
<referedAttribute>54530F68-943B-2235-CCF1-ACCAA87F65DC</referedAttribute>
<useDomainConstraints>false</useDomainConstraints>
<use>1</use>
<logicalDatatype>LOGDT011</logicalDatatype>
<ownDataTypeParameters>,,</ownDataTypeParameters>
</Attribute>
<Attribute name="Id_Entidad_Cliente" id="74169519-4488-88DE-CD01-CD287E13FD84">
<createdBy>casa</createdBy>
<createdTime>2020-03-27 00:11:52 UTC</createdTime>
<generatorID>63CEF0C3-478C-26AF-2BEE-FCDFEF9B954F</generatorID>
<ownerDesignName>Biblioteca</ownerDesignName>
<engineerTo>
<item key="1D9131F1-AB98-E033-400D-45CF33EE15F8" value="true"/>
</engineerTo>
<referedAttribute>B75BBA7E-4D0F-F177-1973-C5D5A73FE0E6</referedAttribute>
<useDomainConstraints>false</useDomainConstraints>
<use>1</use>
<logicalDatatype>LOGDT011</logicalDatatype>
<ownDataTypeParameters>,,</ownDataTypeParameters>
</Attribute>
<Attribute name="Id_Estado_Cliente" id="05473FCC-48A4-6D7A-4E08-538B068BB425">
<createdBy>casa</createdBy>
<createdTime>2020-03-27 00:52:32 UTC</createdTime>
<generatorID>DF7863BD-FC8B-131E-E1E5-6F175B07598E</generatorID>
<ownerDesignName>Biblioteca</ownerDesignName>
<engineerTo>
<item key="1D9131F1-AB98-E033-400D-45CF33EE15F8" value="true"/>
</engineerTo>
<referedAttribute>5638B0B8-6650-0309-537A-B403D3C28FC1</referedAttribute>
<useDomainConstraints>false</useDomainConstraints>
<use>1</use>
<logicalDatatype>LOGDT011</logicalDatatype>
<ownDataTypeParameters>,,</ownDataTypeParameters>
</Attribute>
<Attribute name="Nombre_Cliente" id="31A0FC97-CA96-5B2D-8BA8-B33ACB073226">
<createdBy>casa</createdBy>
<createdTime>2020-03-27 01:20:09 UTC</createdTime>
<ownerDesignName>Biblioteca</ownerDesignName>
<engineerTo>
<item key="1D9131F1-AB98-E033-400D-45CF33EE15F8" value="true"/>
</engineerTo>
<nullsAllowed>true</nullsAllowed>
<useDomainConstraints>false</useDomainConstraints>
<use>1</use>
<logicalDatatype>LOGDT024</logicalDatatype>
<dataTypeSize>100</dataTypeSize>
<ownDataTypeParameters>100,,</ownDataTypeParameters>
</Attribute>
<Attribute name="Apellido_Cliente" id="B9418645-2BCA-814B-ABC1-36EAD0B25CD8">
<createdBy>casa</createdBy>
<createdTime>2020-03-27 01:20:22 UTC</createdTime>
<ownerDesignName>Biblioteca</ownerDesignName>
<engineerTo>
<item key="1D9131F1-AB98-E033-400D-45CF33EE15F8" value="true"/>
</engineerTo>
<nullsAllowed>true</nullsAllowed>
<useDomainConstraints>false</useDomainConstraints>
<use>1</use>
<logicalDatatype>LOGDT024</logicalDatatype>
<dataTypeSize>100</dataTypeSize>
<ownDataTypeParameters>100,,</ownDataTypeParameters>
</Attribute>
<Attribute name="Documento_Identificacion" id="B6C9B6D3-62A0-85E8-8B38-2F00A26BF571">
<createdBy>casa</createdBy>
<createdTime>2020-03-27 01:20:36 UTC</createdTime>
<ownerDesignName>Biblioteca</ownerDesignName>
<engineerTo>
<item key="1D9131F1-AB98-E033-400D-45CF33EE15F8" value="true"/>
</engineerTo>
<nullsAllowed>true</nullsAllowed>
<useDomainConstraints>false</useDomainConstraints>
<use>1</use>
<logicalDatatype>LOGDT024</logicalDatatype>
<dataTypeSize>25</dataTypeSize>
<ownDataTypeParameters>25,,</ownDataTypeParameters>
</Attribute>
<Attribute name="Direccion" id="25725FB6-360C-0F32-7251-C2D91A0A7A0E">
<createdBy>casa</createdBy>
<createdTime>2020-03-27 01:21:10 UTC</createdTime>
<ownerDesignName>Biblioteca</ownerDesignName>
<engineerTo>
<item key="1D9131F1-AB98-E033-400D-45CF33EE15F8" value="true"/>
</engineerTo>
<nullsAllowed>true</nullsAllowed>
<useDomainConstraints>false</useDomainConstraints>
<use>1</use>
<logicalDatatype>LOGDT024</logicalDatatype>
<dataTypeSize>100</dataTypeSize>
<ownDataTypeParameters>100,,</ownDataTypeParameters>
</Attribute>
<Attribute name="Telefono" id="65DE5F31-CCEC-B330-D6FC-C0F9D08DE899">
<createdBy>casa</createdBy>
<createdTime>2020-03-27 01:21:50 UTC</createdTime>
<ownerDesignName>Biblioteca</ownerDesignName>
<engineerTo>
<item key="1D9131F1-AB98-E033-400D-45CF33EE15F8" value="true"/>
</engineerTo>
<nullsAllowed>true</nullsAllowed>
<useDomainConstraints>false</useDomainConstraints>
<use>1</use>
<logicalDatatype>LOGDT011</logicalDatatype>
<ownDataTypeParameters>,,</ownDataTypeParameters>
</Attribute>
<Attribute name="Correo_Electronico" id="98A50AE4-05D9-0570-5DAD-256B85601FEB">
<createdBy>casa</createdBy>
<createdTime>2020-03-27 01:22:01 UTC</createdTime>
<ownerDesignName>Biblioteca</ownerDesignName>
<engineerTo>
<item key="1D9131F1-AB98-E033-400D-45CF33EE15F8" value="true"/>
</engineerTo>
<nullsAllowed>true</nullsAllowed>
<useDomainConstraints>false</useDomainConstraints>
<use>1</use>
<logicalDatatype>LOGDT024</logicalDatatype>
<dataTypeSize>100</dataTypeSize>
<ownDataTypeParameters>100,,</ownDataTypeParameters>
</Attribute>
<Attribute name="Id_Tipo_Documento" id="9EB5A795-0309-5E27-825A-D415F6137871">
<createdBy>casa</createdBy>
<createdTime>2020-03-27 01:23:47 UTC</createdTime>
<generatorID>5FF53761-C438-F992-8A0B-8689D0BD7F11</generatorID>
<ownerDesignName>Biblioteca</ownerDesignName>
<engineerTo>
<item key="1D9131F1-AB98-E033-400D-45CF33EE15F8" value="true"/>
</engineerTo>
<referedAttribute>CFEB1795-8381-0014-BE34-56D3AD22EBEF</referedAttribute>
<useDomainConstraints>false</useDomainConstraints>
<use>1</use>
<logicalDatatype>LOGDT011</logicalDatatype>
<ownDataTypeParameters>,,</ownDataTypeParameters>
</Attribute>
</attributes>
<identifiers itemClass="oracle.dbtools.crest.model.design.logical.CandidateKey">
<identifier id="5A5F4A49-AA31-4024-118A-96A38A762620" name="Clientes PK">
<createdBy>casa</createdBy>
<createdTime>2020-03-26 23:58:42 UTC</createdTime>
<ownerDesignName>Biblioteca</ownerDesignName>
<engineerTo>
<item key="1D9131F1-AB98-E033-400D-45CF33EE15F8" value="true"/>
</engineerTo>
<pk>true</pk>
<usedAttributes>
<attributeRef>03321BD3-0358-CD44-5C4F-762E13776D92</attributeRef>
</usedAttributes>
</identifier>
</identifiers>
</Entity>