<?xml version = '1.0' encoding = 'UTF-8'?>
<Entity class="oracle.dbtools.crest.model.design.logical.Entity" directorySegmentName="seg_0" id="C98D1BF5-BDD3-4435-9A61-BDD14E705B0F" name="Historial_Prestamo">
<createdBy>casa</createdBy>
<createdTime>2020-03-27 00:14:47 UTC</createdTime>
<ownerDesignName>Biblioteca</ownerDesignName>
<engineerTo>
<item key="1D9131F1-AB98-E033-400D-45CF33EE15F8" value="true"/>
</engineerTo>
<adequatelyNormalized>NO</adequatelyNormalized>
<expectedVolumes>0</expectedVolumes>
<fwdEngineeringStrategyName>Single Table</fwdEngineeringStrategyName>
<growthPercent>0</growthPercent>
<growthType>Year</growthType>
<maxVolumes>9999999</maxVolumes>
<minVolumes>0</minVolumes>
<normalForm>Third</normalForm>
<attributes itemClass="oracle.dbtools.crest.model.design.logical.Attribute">
<Attribute name="Id_Historial_Prestamo" id="0D9C159D-20BF-EFAB-139A-8A6B4F77B53B">
<createdBy>casa</createdBy>
<createdTime>2020-03-27 00:14:57 UTC</createdTime>
<ownerDesignName>Biblioteca</ownerDesignName>
<engineerTo>
<item key="1D9131F1-AB98-E033-400D-45CF33EE15F8" value="true"/>
</engineerTo>
<useDomainConstraints>false</useDomainConstraints>
<use>1</use>
<logicalDatatype>LOGDT011</logicalDatatype>
<ownDataTypeParameters>,,</ownDataTypeParameters>
</Attribute>
<Attribute name="Id_Cliente" id="74E04BE4-C60A-1F89-921D-4D35C2B53FE6">
<createdBy>casa</createdBy>
<createdTime>2020-03-27 00:15:52 UTC</createdTime>
<generatorID>06622816-BCBC-0531-8D2A-A45CEF2EA3B8</generatorID>
<ownerDesignName>Biblioteca</ownerDesignName>
<engineerTo>
<item key="1D9131F1-AB98-E033-400D-45CF33EE15F8" value="true"/>
</engineerTo>
<referedAttribute>03321BD3-0358-CD44-5C4F-762E13776D92</referedAttribute>
<useDomainConstraints>false</useDomainConstraints>
<use>1</use>
<logicalDatatype>LOGDT011</logicalDatatype>
<ownDataTypeParameters>,,</ownDataTypeParameters>
</Attribute>
<Attribute name="Id_Libro" id="785AF649-EDFD-530B-8AB6-B47D96826632">
<createdBy>casa</createdBy>
<createdTime>2020-03-27 00:16:13 UTC</createdTime>
<generatorID>2487FD9E-6164-850B-6BDA-8B1024339A03</generatorID>
<ownerDesignName>Biblioteca</ownerDesignName>
<engineerTo>
<item key="1D9131F1-AB98-E033-400D-45CF33EE15F8" value="true"/>
</engineerTo>
<referedAttribute>F6C02530-C83E-AEA3-B5A9-7EDCD5C0DFF5</referedAttribute>
<useDomainConstraints>false</useDomainConstraints>
<use>1</use>
<logicalDatatype>LOGDT011</logicalDatatype>
<ownDataTypeParameters>,,</ownDataTypeParameters>
</Attribute>
<Attribute name="tiempo_Prestamo" id="B48E4564-6771-7982-F95A-5109E543F0CC">
<createdBy>casa</createdBy>
<createdTime>2020-03-27 00:18:48 UTC</createdTime>
<ownerDesignName>Biblioteca</ownerDesignName>
<engineerTo>
<item key="1D9131F1-AB98-E033-400D-45CF33EE15F8" value="true"/>
</engineerTo>
<nullsAllowed>true</nullsAllowed>
<useDomainConstraints>false</useDomainConstraints>
<use>1</use>
<logicalDatatype>LOGDT011</logicalDatatype>
<ownDataTypeParameters>,,</ownDataTypeParameters>
</Attribute>
<Attribute name="Fecha_inicio_Prestamo" id="7AF466EB-4561-DB8C-CF43-21D158ED92C5">
<createdBy>casa</createdBy>
<createdTime>2020-03-27 00:19:21 UTC</createdTime>
<ownerDesignName>Biblioteca</ownerDesignName>
<engineerTo>
<item key="1D9131F1-AB98-E033-400D-45CF33EE15F8" value="true"/>
</engineerTo>
<nullsAllowed>true</nullsAllowed>
<useDomainConstraints>false</useDomainConstraints>
<use>1</use>
<logicalDatatype>LOGDT008</logicalDatatype>
<ownDataTypeParameters>,,</ownDataTypeParameters>
</Attribute>
<Attribute name="Fecha_Fin_Prestamo" id="045C4749-B2B1-2992-387D-9ED9D908E23F">
<createdBy>casa</createdBy>
<createdTime>2020-03-27 00:19:43 UTC</createdTime>
<ownerDesignName>Biblioteca</ownerDesignName>
<engineerTo>
<item key="1D9131F1-AB98-E033-400D-45CF33EE15F8" value="true"/>
</engineerTo>
<nullsAllowed>true</nullsAllowed>
<useDomainConstraints>false</useDomainConstraints>
<use>1</use>
<logicalDatatype>LOGDT008</logicalDatatype>
<ownDataTypeParameters>,,</ownDataTypeParameters>
</Attribute>
<Attribute name="Dias_mora" id="1B71FCD8-94D2-5F22-4171-59CD639B4C5E">
<createdBy>casa</createdBy>
<createdTime>2020-03-27 00:21:23 UTC</createdTime>
<ownerDesignName>Biblioteca</ownerDesignName>
<engineerTo>
<item key="1D9131F1-AB98-E033-400D-45CF33EE15F8" value="true"/>
</engineerTo>
<nullsAllowed>true</nullsAllowed>
<useDomainConstraints>false</useDomainConstraints>
<use>1</use>
<logicalDatatype>LOGDT011</logicalDatatype>
<ownDataTypeParameters>,,</ownDataTypeParameters>
</Attribute>
<Attribute name="Id_Tipo_Prestamo" id="A32C415E-397B-5F9E-95DA-2954A43D2F07">
<createdBy>casa</createdBy>
<createdTime>2020-03-27 01:18:38 UTC</createdTime>
<generatorID>00C85431-E2B0-B3B3-F1CE-5FE6A794012B</generatorID>
<ownerDesignName>Biblioteca</ownerDesignName>
<engineerTo>
<item key="1D9131F1-AB98-E033-400D-45CF33EE15F8" value="true"/>
</engineerTo>
<referedAttribute>1714125C-2DA8-950A-CB76-AD062D5EEE02</referedAttribute>
<useDomainConstraints>false</useDomainConstraints>
<use>1</use>
<logicalDatatype>LOGDT011</logicalDatatype>
<ownDataTypeParameters>,,</ownDataTypeParameters>
</Attribute>
</attributes>
<identifiers itemClass="oracle.dbtools.crest.model.design.logical.CandidateKey">
<identifier id="0CED84B2-1270-0B99-EAAF-12D049AF10D9" name="Historial_Prestamo PK">
<createdBy>casa</createdBy>
<createdTime>2020-03-27 00:15:07 UTC</createdTime>
<ownerDesignName>Biblioteca</ownerDesignName>
<engineerTo>
<item key="1D9131F1-AB98-E033-400D-45CF33EE15F8" value="true"/>
</engineerTo>
<pk>true</pk>
<usedAttributes>
<attributeRef>0D9C159D-20BF-EFAB-139A-8A6B4F77B53B</attributeRef>
</usedAttributes>
</identifier>
</identifiers>
</Entity>