<?xml version = '1.0' encoding = 'UTF-8'?>
<Entity class="oracle.dbtools.crest.model.design.logical.Entity" directorySegmentName="seg_0" id="03B72D85-BB76-ACB4-A08C-11C2134935A5" name="Institucion_Maestria">
<createdBy>casa</createdBy>
<createdTime>2020-03-19 21:59:03 UTC</createdTime>
<ownerDesignName>Investigadores_Grupo</ownerDesignName>
<adequatelyNormalized>NO</adequatelyNormalized>
<expectedVolumes>0</expectedVolumes>
<fwdEngineeringStrategyName>Single Table</fwdEngineeringStrategyName>
<growthPercent>0</growthPercent>
<growthType>Year</growthType>
<maxVolumes>9999999</maxVolumes>
<minVolumes>0</minVolumes>
<normalForm>Third</normalForm>
<attributes itemClass="oracle.dbtools.crest.model.design.logical.Attribute">
<Attribute name="Id_Institucion_Maestria" id="44AF8531-EE5C-F33B-17F9-93C321792A72">
<createdBy>casa</createdBy>
<createdTime>2020-03-19 21:59:03 UTC</createdTime>
<ownerDesignName>Investigadores_Grupo</ownerDesignName>
<useDomainConstraints>false</useDomainConstraints>
<use>1</use>
<logicalDatatype>LOGDT011</logicalDatatype>
<ownDataTypeParameters>,,</ownDataTypeParameters>
</Attribute>
<Attribute name="id_Maestria" id="54176822-F0F0-98A7-44BC-8DAA6AE9B7E6">
<createdBy>oracle</createdBy>
<createdTime>2020-03-25 23:27:23 UTC</createdTime>
<generatorID>CB41156A-F899-25D0-66DC-8945896254A3</generatorID>
<ownerDesignName>Investigadores_Grupo</ownerDesignName>
<referedAttribute>2BB57C5A-4298-DD60-B6FA-967C5B76B70C</referedAttribute>
<useDomainConstraints>false</useDomainConstraints>
<use>1</use>
<logicalDatatype>LOGDT011</logicalDatatype>
<ownDataTypeParameters>,,</ownDataTypeParameters>
</Attribute>
</attributes>
<identifiers itemClass="oracle.dbtools.crest.model.design.logical.CandidateKey">
<identifier id="4E35DB12-849A-FADA-77C4-1557599F1C9E" name="Institucion_Pregrado PK">
<createdBy>casa</createdBy>
<createdTime>2020-03-19 21:59:03 UTC</createdTime>
<ownerDesignName>Investigadores_Grupo</ownerDesignName>
<pk>true</pk>
<usedAttributes>
<attributeRef>44AF8531-EE5C-F33B-17F9-93C321792A72</attributeRef>
</usedAttributes>
</identifier>
</identifiers>
</Entity>