<?xml version = '1.0' encoding = 'UTF-8'?>
<Entity class="oracle.dbtools.crest.model.design.logical.Entity" directorySegmentName="seg_0" id="044FD16B-56E0-370E-45CC-C8FEBA2B387F" name="Articulos_Publicados">
<createdBy>casa</createdBy>
<createdTime>2020-03-19 22:38:14 UTC</createdTime>
<ownerDesignName>Investigadores_Grupo</ownerDesignName>
<adequatelyNormalized>NO</adequatelyNormalized>
<expectedVolumes>0</expectedVolumes>
<fwdEngineeringStrategyName>Single Table</fwdEngineeringStrategyName>
<growthPercent>0</growthPercent>
<growthType>Year</growthType>
<maxVolumes>9999999</maxVolumes>
<minVolumes>0</minVolumes>
<normalForm>Third</normalForm>
<attributes itemClass="oracle.dbtools.crest.model.design.logical.Attribute">
<Attribute name="Id_Articulos_Publicados" id="0E7B2CD4-D8F8-1E65-94BD-D04124F03816">
<createdBy>casa</createdBy>
<createdTime>2020-03-19 22:38:54 UTC</createdTime>
<ownerDesignName>Investigadores_Grupo</ownerDesignName>
<useDomainConstraints>false</useDomainConstraints>
<use>1</use>
<logicalDatatype>LOGDT011</logicalDatatype>
<ownDataTypeParameters>,,</ownDataTypeParameters>
</Attribute>
<Attribute name="Titulo" id="86361D9D-8B96-D197-6867-629163EC4C98">
<createdBy>casa</createdBy>
<createdTime>2020-03-19 22:39:08 UTC</createdTime>
<ownerDesignName>Investigadores_Grupo</ownerDesignName>
<useDomainConstraints>false</useDomainConstraints>
<use>1</use>
<logicalDatatype>LOGDT024</logicalDatatype>
<dataTypeSize>100</dataTypeSize>
<ownDataTypeParameters>100,,</ownDataTypeParameters>
</Attribute>
<Attribute name="Resumen" id="F4A57B89-61EC-8DC5-71D2-0A24127D8B91">
<createdBy>casa</createdBy>
<createdTime>2020-03-19 22:39:42 UTC</createdTime>
<ownerDesignName>Investigadores_Grupo</ownerDesignName>
<nullsAllowed>true</nullsAllowed>
<useDomainConstraints>false</useDomainConstraints>
<use>1</use>
<logicalDatatype>LOGDT024</logicalDatatype>
<dataTypeSize>500</dataTypeSize>
<ownDataTypeParameters>500,,</ownDataTypeParameters>
</Attribute>
<Attribute name="Id_Numero_Paginas" id="CFC28E17-1679-99B9-BBE5-E730FDF8BD35">
<createdBy>oracle</createdBy>
<createdTime>2020-03-25 23:54:11 UTC</createdTime>
<generatorID>344A7ED0-F286-A0CB-DB03-723DBE6FA584</generatorID>
<ownerDesignName>Investigadores_Grupo</ownerDesignName>
<referedAttribute>BAF1E848-9D89-F379-8A4B-067B59893863</referedAttribute>
<useDomainConstraints>false</useDomainConstraints>
<use>1</use>
<logicalDatatype>LOGDT011</logicalDatatype>
<ownDataTypeParameters>,,</ownDataTypeParameters>
</Attribute>
<Attribute name="Id_Revista_Publicacion" id="6F174126-C15D-74AF-4DBB-FE3ECF5B83B5">
<createdBy>oracle</createdBy>
<createdTime>2020-03-25 23:54:30 UTC</createdTime>
<generatorID>C3DE7AEA-6327-3AD4-50CC-6E74B3D07A6D</generatorID>
<ownerDesignName>Investigadores_Grupo</ownerDesignName>
<referedAttribute>091D1F8E-6236-7A96-BA64-B7B3A62992A1</referedAttribute>
<useDomainConstraints>false</useDomainConstraints>
<use>1</use>
<logicalDatatype>LOGDT011</logicalDatatype>
<ownDataTypeParameters>,,</ownDataTypeParameters>
</Attribute>
<Attribute name="Anio_Publicacion" id="373286E8-33BB-C872-DAE7-E424C9AC5A6F">
<createdBy>casa</createdBy>
<createdTime>2020-03-26 19:20:13 UTC</createdTime>
<ownerDesignName>Investigadores_Grupo</ownerDesignName>
<nullsAllowed>true</nullsAllowed>
<useDomainConstraints>false</useDomainConstraints>
<use>1</use>
<logicalDatatype>LOGDT007</logicalDatatype>
<ownDataTypeParameters>,,</ownDataTypeParameters>
</Attribute>
<Attribute name="Edicion_Articulo" id="93F5E1C0-C1D1-87D4-658B-DD22348A6F37">
<createdBy>casa</createdBy>
<createdTime>2020-03-26 19:20:39 UTC</createdTime>
<ownerDesignName>Investigadores_Grupo</ownerDesignName>
<nullsAllowed>true</nullsAllowed>
<useDomainConstraints>false</useDomainConstraints>
<use>1</use>
<logicalDatatype>LOGDT024</logicalDatatype>
<dataTypeSize>100</dataTypeSize>
<ownDataTypeParameters>100,,</ownDataTypeParameters>
</Attribute>
<Attribute name="Editorial_Articulo" id="A2584EEF-1F92-DF40-3906-B3D8B93ED152">
<createdBy>casa</createdBy>
<createdTime>2020-03-26 19:21:43 UTC</createdTime>
<ownerDesignName>Investigadores_Grupo</ownerDesignName>
<nullsAllowed>true</nullsAllowed>
<useDomainConstraints>false</useDomainConstraints>
<use>1</use>
<logicalDatatype>LOGDT024</logicalDatatype>
<dataTypeSize>100</dataTypeSize>
<ownDataTypeParameters>100,,</ownDataTypeParameters>
</Attribute>
<Attribute name="ISBN" id="B343E5E1-C2BA-F06A-0658-3761AA2E29EA">
<createdBy>casa</createdBy>
<createdTime>2020-03-26 19:22:12 UTC</createdTime>
<ownerDesignName>Investigadores_Grupo</ownerDesignName>
<nullsAllowed>true</nullsAllowed>
<useDomainConstraints>false</useDomainConstraints>
<use>1</use>
<logicalDatatype>LOGDT024</logicalDatatype>
<dataTypeSize>100</dataTypeSize>
<ownDataTypeParameters>100,,</ownDataTypeParameters>
</Attribute>
<Attribute name="Fecha_presentacion" id="84567ECB-9D07-0102-1D5D-8B5D474B2791">
<createdBy>casa</createdBy>
<createdTime>2020-03-26 20:14:53 UTC</createdTime>
<ownerDesignName>Investigadores_Grupo</ownerDesignName>
<nullsAllowed>true</nullsAllowed>
<useDomainConstraints>false</useDomainConstraints>
<use>1</use>
<logicalDatatype>LOGDT007</logicalDatatype>
<ownDataTypeParameters>,,</ownDataTypeParameters>
</Attribute>
<Attribute name="Fecha_Aceptacion" id="71540A6C-CAE6-C142-7B63-E41DEAEF2540">
<createdBy>casa</createdBy>
<createdTime>2020-03-26 20:15:09 UTC</createdTime>
<ownerDesignName>Investigadores_Grupo</ownerDesignName>
<nullsAllowed>true</nullsAllowed>
<useDomainConstraints>false</useDomainConstraints>
<use>1</use>
<logicalDatatype>LOGDT007</logicalDatatype>
<ownDataTypeParameters>,,</ownDataTypeParameters>
</Attribute>
</attributes>
<identifiers itemClass="oracle.dbtools.crest.model.design.logical.CandidateKey">
<identifier id="E28635BD-BD86-8CDB-0C87-D141CF6CB43A" name="Articulos_Publicados PK">
<createdBy>casa</createdBy>
<createdTime>2020-03-19 22:39:22 UTC</createdTime>
<ownerDesignName>Investigadores_Grupo</ownerDesignName>
<pk>true</pk>
<usedAttributes>
<attributeRef>0E7B2CD4-D8F8-1E65-94BD-D04124F03816</attributeRef>
</usedAttributes>
</identifier>
</identifiers>
</Entity>