<?xml version = '1.0' encoding = 'UTF-8'?>
<Entity class="oracle.dbtools.crest.model.design.logical.Entity" directorySegmentName="seg_0" id="05DF8E85-9CCF-1E19-7DA5-A42F70D24122" name="Historial_Especializacion">
<createdBy>oracle</createdBy>
<createdTime>2020-03-25 21:56:00 UTC</createdTime>
<ownerDesignName>Investigadores_Grupo</ownerDesignName>
<adequatelyNormalized>NO</adequatelyNormalized>
<expectedVolumes>0</expectedVolumes>
<fwdEngineeringStrategyName>Single Table</fwdEngineeringStrategyName>
<growthPercent>0</growthPercent>
<growthType>Year</growthType>
<maxVolumes>9999999</maxVolumes>
<minVolumes>0</minVolumes>
<normalForm>Third</normalForm>
<attributes itemClass="oracle.dbtools.crest.model.design.logical.Attribute">
<Attribute name="Id_Historial_Especializacion" id="65426F29-3504-4476-ADE5-E8A5E1CB20CF">
<createdBy>oracle</createdBy>
<createdTime>2020-03-25 21:56:14 UTC</createdTime>
<ownerDesignName>Investigadores_Grupo</ownerDesignName>
<useDomainConstraints>false</useDomainConstraints>
<use>1</use>
<logicalDatatype>LOGDT011</logicalDatatype>
<ownDataTypeParameters>,,</ownDataTypeParameters>
</Attribute>
<Attribute name="Id_Historial_Academico" id="243B916A-CCAD-5746-C73C-D7BFAF5E36F0">
<createdBy>oracle</createdBy>
<createdTime>2020-03-25 22:01:28 UTC</createdTime>
<generatorID>75429474-D69D-0141-FF29-21008F1E4346</generatorID>
<ownerDesignName>Investigadores_Grupo</ownerDesignName>
<referedAttribute>3878B79F-0E64-5A39-4C9D-9D6AAEB4DF23</referedAttribute>
<useDomainConstraints>false</useDomainConstraints>
<use>1</use>
<logicalDatatype>LOGDT011</logicalDatatype>
<ownDataTypeParameters>,,</ownDataTypeParameters>
</Attribute>
<Attribute name="id_Especializacion" id="47E8F5EA-F2D6-8787-4B6C-4BA5F83379A0">
<createdBy>oracle</createdBy>
<createdTime>2020-03-25 22:02:12 UTC</createdTime>
<generatorID>9A73F752-9A4A-85C4-49B3-39B60C2BA25F</generatorID>
<ownerDesignName>Investigadores_Grupo</ownerDesignName>
<referedAttribute>6348AC0A-CBB7-13C5-4B32-2F288C07873B</referedAttribute>
<useDomainConstraints>false</useDomainConstraints>
<use>1</use>
<logicalDatatype>LOGDT011</logicalDatatype>
<ownDataTypeParameters>,,</ownDataTypeParameters>
</Attribute>
</attributes>
<identifiers itemClass="oracle.dbtools.crest.model.design.logical.CandidateKey">
<identifier id="6AFB2F68-D0D5-8714-927A-8F087595FC58" name="Historial_Especializacion PK">
<createdBy>oracle</createdBy>
<createdTime>2020-03-25 21:56:27 UTC</createdTime>
<ownerDesignName>Investigadores_Grupo</ownerDesignName>
<pk>true</pk>
<usedAttributes>
<attributeRef>65426F29-3504-4476-ADE5-E8A5E1CB20CF</attributeRef>
</usedAttributes>
</identifier>
</identifiers>
</Entity>