<?xml version = '1.0' encoding = 'UTF-8'?>
<Entity class="oracle.dbtools.crest.model.design.logical.Entity" directorySegmentName="seg_0" id="08D3628F-F38D-72FF-8E86-77EB57CEA22D" name="Articulos_Autor">
<createdBy>casa</createdBy>
<createdTime>2020-03-19 22:50:05 UTC</createdTime>
<ownerDesignName>Investigadores_Grupo</ownerDesignName>
<adequatelyNormalized>NO</adequatelyNormalized>
<expectedVolumes>0</expectedVolumes>
<fwdEngineeringStrategyName>Single Table</fwdEngineeringStrategyName>
<growthPercent>0</growthPercent>
<growthType>Year</growthType>
<maxVolumes>9999999</maxVolumes>
<minVolumes>0</minVolumes>
<normalForm>Third</normalForm>
<attributes itemClass="oracle.dbtools.crest.model.design.logical.Attribute">
<Attribute name="Id_Articulos_Autor" id="290AC118-AE64-C6E5-5784-4C5C340864FC">
<createdBy>casa</createdBy>
<createdTime>2020-03-19 22:50:05 UTC</createdTime>
<ownerDesignName>Investigadores_Grupo</ownerDesignName>
<useDomainConstraints>false</useDomainConstraints>
<use>1</use>
<logicalDatatype>LOGDT011</logicalDatatype>
<ownDataTypeParameters>,,</ownDataTypeParameters>
</Attribute>
<Attribute name="Id_Articulos_Publicados" id="E7F9512D-D8C9-45B7-5271-82C660B73FAA">
<createdBy>casa</createdBy>
<createdTime>2020-03-19 22:50:58 UTC</createdTime>
<generatorID>6D3D4EE5-3776-6CA3-D664-851BC201038D</generatorID>
<ownerDesignName>Investigadores_Grupo</ownerDesignName>
<referedAttribute>0E7B2CD4-D8F8-1E65-94BD-D04124F03816</referedAttribute>
<useDomainConstraints>false</useDomainConstraints>
<use>1</use>
<logicalDatatype>LOGDT011</logicalDatatype>
<ownDataTypeParameters>,,</ownDataTypeParameters>
</Attribute>
<Attribute name="Id_Autor1" id="8527E559-AD2E-5DCA-D78B-BCC62FCFD8BE">
<createdBy>casa</createdBy>
<createdTime>2020-03-19 22:51:01 UTC</createdTime>
<generatorID>ABAC70FC-C0B5-0942-F9FA-9ABC0E6E296E</generatorID>
<ownerDesignName>Investigadores_Grupo</ownerDesignName>
<referedAttribute>E728160A-FD50-F438-2E14-638A56383EDB</referedAttribute>
<useDomainConstraints>false</useDomainConstraints>
<use>1</use>
<logicalDatatype>LOGDT011</logicalDatatype>
<ownDataTypeParameters>,,</ownDataTypeParameters>
</Attribute>
</attributes>
<identifiers itemClass="oracle.dbtools.crest.model.design.logical.CandidateKey">
<identifier id="8265BABE-08CA-3887-2741-5487657CD4C1" name="Libros_Autor PK">
<createdBy>casa</createdBy>
<createdTime>2020-03-19 22:50:05 UTC</createdTime>
<ownerDesignName>Investigadores_Grupo</ownerDesignName>
<pk>true</pk>
<usedAttributes>
<attributeRef>290AC118-AE64-C6E5-5784-4C5C340864FC</attributeRef>
</usedAttributes>
</identifier>
</identifiers>
</Entity>