<?xml version = '1.0' encoding = 'UTF-8'?>
<Entity class="oracle.dbtools.crest.model.design.logical.Entity" directorySegmentName="seg_0" id="10D4C3AB-6DBE-2B7F-E627-F6C86FEC7E4F" name="Clase_Libreta">
<createdBy>casa</createdBy>
<createdTime>2020-03-19 21:32:04 UTC</createdTime>
<ownerDesignName>Investigadores_Grupo</ownerDesignName>
<adequatelyNormalized>NO</adequatelyNormalized>
<expectedVolumes>0</expectedVolumes>
<fwdEngineeringStrategyName>Single Table</fwdEngineeringStrategyName>
<growthPercent>0</growthPercent>
<growthType>Year</growthType>
<maxVolumes>9999999</maxVolumes>
<minVolumes>0</minVolumes>
<normalForm>Third</normalForm>
<attributes itemClass="oracle.dbtools.crest.model.design.logical.Attribute">
<Attribute name="Id_Clase_Libreta" id="71E9CC5E-9F94-1C0F-D7BD-BB557CABA959">
<createdBy>casa</createdBy>
<createdTime>2020-03-19 21:32:24 UTC</createdTime>
<ownerDesignName>Investigadores_Grupo</ownerDesignName>
<useDomainConstraints>false</useDomainConstraints>
<use>1</use>
<logicalDatatype>LOGDT011</logicalDatatype>
<ownDataTypeParameters>,,</ownDataTypeParameters>
</Attribute>
<Attribute name="Nombre_Clase" id="B5929045-A327-EEB3-7660-CB564033376E">
<createdBy>casa</createdBy>
<createdTime>2020-03-19 21:32:50 UTC</createdTime>
<ownerDesignName>Investigadores_Grupo</ownerDesignName>
<nullsAllowed>true</nullsAllowed>
<useDomainConstraints>false</useDomainConstraints>
<use>1</use>
<logicalDatatype>LOGDT024</logicalDatatype>
<ownDataTypeParameters>,,</ownDataTypeParameters>
</Attribute>
</attributes>
<identifiers itemClass="oracle.dbtools.crest.model.design.logical.CandidateKey">
<identifier id="175CEF86-765E-0312-4282-818AEC0F1745" name="Clase_Libreta PK">
<createdBy>casa</createdBy>
<createdTime>2020-03-19 21:32:46 UTC</createdTime>
<ownerDesignName>Investigadores_Grupo</ownerDesignName>
<pk>true</pk>
<usedAttributes>
<attributeRef>71E9CC5E-9F94-1C0F-D7BD-BB557CABA959</attributeRef>
</usedAttributes>
</identifier>
</identifiers>
</Entity>