<?xml version = '1.0' encoding = 'UTF-8'?>
<Entity class="oracle.dbtools.crest.model.design.logical.Entity" directorySegmentName="seg_0" id="11B379A9-B8F5-3DA3-B714-6A0D1195E6D2" name="Produccion_Autor">
<createdBy>casa</createdBy>
<createdTime>2020-03-19 22:53:54 UTC</createdTime>
<ownerDesignName>Investigadores_Grupo</ownerDesignName>
<adequatelyNormalized>NO</adequatelyNormalized>
<expectedVolumes>0</expectedVolumes>
<fwdEngineeringStrategyName>Single Table</fwdEngineeringStrategyName>
<growthPercent>0</growthPercent>
<growthType>Year</growthType>
<maxVolumes>9999999</maxVolumes>
<minVolumes>0</minVolumes>
<normalForm>Third</normalForm>
<attributes itemClass="oracle.dbtools.crest.model.design.logical.Attribute">
<Attribute name="Id_Produccion_Autor" id="6DC52AA3-5C3A-B0C8-44F6-830DCF21E9A3">
<createdBy>casa</createdBy>
<createdTime>2020-03-19 22:53:54 UTC</createdTime>
<ownerDesignName>Investigadores_Grupo</ownerDesignName>
<useDomainConstraints>false</useDomainConstraints>
<use>1</use>
<logicalDatatype>LOGDT011</logicalDatatype>
<ownDataTypeParameters>,,</ownDataTypeParameters>
</Attribute>
<Attribute name="Id_Produccion_Tecnica" id="50D4B80D-CD34-E504-1D80-36D2D88D90B6">
<createdBy>casa</createdBy>
<createdTime>2020-03-19 22:55:09 UTC</createdTime>
<generatorID>837B1BBD-78A4-B690-E6A9-3BD504B73E5A</generatorID>
<ownerDesignName>Investigadores_Grupo</ownerDesignName>
<referedAttribute>B0FAC17D-7014-A0A5-655E-A454DA2431A2</referedAttribute>
<useDomainConstraints>false</useDomainConstraints>
<use>1</use>
<logicalDatatype>LOGDT011</logicalDatatype>
<ownDataTypeParameters>,,</ownDataTypeParameters>
</Attribute>
<Attribute name="Id_Autor" id="0CC56430-E153-9572-2420-96E55BACD0AC">
<createdBy>casa</createdBy>
<createdTime>2020-03-19 22:55:17 UTC</createdTime>
<generatorID>5A0C8D58-2E06-09BE-E278-78C6EE506096</generatorID>
<ownerDesignName>Investigadores_Grupo</ownerDesignName>
<referedAttribute>E728160A-FD50-F438-2E14-638A56383EDB</referedAttribute>
<useDomainConstraints>false</useDomainConstraints>
<use>1</use>
<logicalDatatype>LOGDT011</logicalDatatype>
<ownDataTypeParameters>,,</ownDataTypeParameters>
</Attribute>
</attributes>
<identifiers itemClass="oracle.dbtools.crest.model.design.logical.CandidateKey">
<identifier id="47586E90-63FE-A72E-68E7-9F21ACCAE204" name="Libros_Autor PK">
<createdBy>casa</createdBy>
<createdTime>2020-03-19 22:53:54 UTC</createdTime>
<ownerDesignName>Investigadores_Grupo</ownerDesignName>
<pk>true</pk>
<usedAttributes>
<attributeRef>6DC52AA3-5C3A-B0C8-44F6-830DCF21E9A3</attributeRef>
</usedAttributes>
</identifier>
</identifiers>
</Entity>