<?xml version = '1.0' encoding = 'UTF-8'?>
<Entity class="oracle.dbtools.crest.model.design.logical.Entity" directorySegmentName="seg_0" id="11D7915D-FD41-814D-58C3-11170DC51257" name="Trabajos_Dirigidos_Autor">
<createdBy>casa</createdBy>
<createdTime>2020-03-19 23:53:54 UTC</createdTime>
<ownerDesignName>Investigadores_Grupo</ownerDesignName>
<adequatelyNormalized>NO</adequatelyNormalized>
<expectedVolumes>0</expectedVolumes>
<fwdEngineeringStrategyName>Single Table</fwdEngineeringStrategyName>
<growthPercent>0</growthPercent>
<growthType>Year</growthType>
<maxVolumes>9999999</maxVolumes>
<minVolumes>0</minVolumes>
<normalForm>Third</normalForm>
<attributes itemClass="oracle.dbtools.crest.model.design.logical.Attribute">
<Attribute name="Id_Trabajos_Dirigidos_Autor" id="718EC37C-DC4F-158B-46A4-BF2DF3A18D30">
<createdBy>casa</createdBy>
<createdTime>2020-03-19 23:54:16 UTC</createdTime>
<ownerDesignName>Investigadores_Grupo</ownerDesignName>
<useDomainConstraints>false</useDomainConstraints>
<use>1</use>
<logicalDatatype>LOGDT011</logicalDatatype>
<ownDataTypeParameters>,,</ownDataTypeParameters>
</Attribute>
<Attribute name="Id_Trabajos_Dirigidos" id="072475C0-F146-4C6B-0A4A-BDA8777009E0">
<createdBy>casa</createdBy>
<createdTime>2020-03-20 00:00:27 UTC</createdTime>
<generatorID>85730C65-EA4C-B09C-9814-9CABCF186E8F</generatorID>
<ownerDesignName>Investigadores_Grupo</ownerDesignName>
<referedAttribute>090C1B4E-1BC4-078E-35FF-E2642F0C4575</referedAttribute>
<useDomainConstraints>false</useDomainConstraints>
<use>1</use>
<logicalDatatype>LOGDT011</logicalDatatype>
<ownDataTypeParameters>,,</ownDataTypeParameters>
</Attribute>
<Attribute name="Id_Autor" id="8428B6A1-540F-47C9-BDC8-4139242628B6">
<createdBy>casa</createdBy>
<createdTime>2020-03-20 00:00:32 UTC</createdTime>
<generatorID>5D815FF4-EC1D-D7D4-43B5-62CAC6BD491E</generatorID>
<ownerDesignName>Investigadores_Grupo</ownerDesignName>
<referedAttribute>E728160A-FD50-F438-2E14-638A56383EDB</referedAttribute>
<useDomainConstraints>false</useDomainConstraints>
<use>1</use>
<logicalDatatype>LOGDT011</logicalDatatype>
<ownDataTypeParameters>,,</ownDataTypeParameters>
</Attribute>
</attributes>
<identifiers itemClass="oracle.dbtools.crest.model.design.logical.CandidateKey">
<identifier id="87EA9E44-6729-EEE5-FE01-262E0503B981" name="Trabajos_Dirigidos_Autor PK">
<createdBy>casa</createdBy>
<createdTime>2020-03-19 23:55:03 UTC</createdTime>
<ownerDesignName>Investigadores_Grupo</ownerDesignName>
<pk>true</pk>
<usedAttributes>
<attributeRef>718EC37C-DC4F-158B-46A4-BF2DF3A18D30</attributeRef>
</usedAttributes>
</identifier>
</identifiers>
</Entity>