<?xml version = '1.0' encoding = 'UTF-8'?>
<Entity class="oracle.dbtools.crest.model.design.logical.Entity" directorySegmentName="seg_0" id="134E8866-4B72-5D91-C059-03A9E8720E8B" name="Historial_Conferencias">
<createdBy>casa</createdBy>
<createdTime>2020-03-26 17:19:14 UTC</createdTime>
<ownerDesignName>Investigadores_Grupo</ownerDesignName>
<adequatelyNormalized>NO</adequatelyNormalized>
<expectedVolumes>0</expectedVolumes>
<fwdEngineeringStrategyName>Single Table</fwdEngineeringStrategyName>
<growthPercent>0</growthPercent>
<growthType>Year</growthType>
<maxVolumes>9999999</maxVolumes>
<minVolumes>0</minVolumes>
<normalForm>Third</normalForm>
<attributes itemClass="oracle.dbtools.crest.model.design.logical.Attribute">
<Attribute name="Id_Historial_Conferencias" id="5C4B1761-3DDB-74EA-4251-00E9BE0AA19F">
<createdBy>casa</createdBy>
<createdTime>2020-03-26 17:19:32 UTC</createdTime>
<ownerDesignName>Investigadores_Grupo</ownerDesignName>
<useDomainConstraints>false</useDomainConstraints>
<use>1</use>
<logicalDatatype>LOGDT011</logicalDatatype>
<ownDataTypeParameters>,,</ownDataTypeParameters>
</Attribute>
<Attribute name="Nombre_Conferencia" id="8C2A1457-93E9-65BF-1F38-2D84D10B1579">
<createdBy>casa</createdBy>
<createdTime>2020-03-26 17:20:48 UTC</createdTime>
<ownerDesignName>Investigadores_Grupo</ownerDesignName>
<nullsAllowed>true</nullsAllowed>
<useDomainConstraints>false</useDomainConstraints>
<use>1</use>
<logicalDatatype>LOGDT024</logicalDatatype>
<dataTypeSize>500</dataTypeSize>
<ownDataTypeParameters>500,,</ownDataTypeParameters>
</Attribute>
<Attribute name="Fecha_Conferencia" id="7ADFDD5D-DA3E-8BB1-DC7E-F355FCC3D859">
<createdBy>casa</createdBy>
<createdTime>2020-03-26 17:21:21 UTC</createdTime>
<ownerDesignName>Investigadores_Grupo</ownerDesignName>
<nullsAllowed>true</nullsAllowed>
<useDomainConstraints>false</useDomainConstraints>
<use>1</use>
<logicalDatatype>LOGDT007</logicalDatatype>
<ownDataTypeParameters>,,</ownDataTypeParameters>
</Attribute>
<Attribute name="Copia_Certificado" id="E5EB00F3-1998-6124-0C4B-55E4580D4725">
<createdBy>casa</createdBy>
<createdTime>2020-03-26 17:21:59 UTC</createdTime>
<ownerDesignName>Investigadores_Grupo</ownerDesignName>
<nullsAllowed>true</nullsAllowed>
<useDomainConstraints>false</useDomainConstraints>
<use>1</use>
<logicalDatatype>LOGDT024</logicalDatatype>
<dataTypeSize>100</dataTypeSize>
<ownDataTypeParameters>100,,</ownDataTypeParameters>
</Attribute>
<Attribute name="Id_Estado" id="1879D6A5-7333-2C2A-8758-428604E480DB">
<createdBy>casa</createdBy>
<createdTime>2020-03-26 17:24:31 UTC</createdTime>
<generatorID>853E85CF-6FB3-02B8-CE58-22B9FD46797D</generatorID>
<ownerDesignName>Investigadores_Grupo</ownerDesignName>
<referedAttribute>3DDC7CB4-1DB8-F141-2B16-3F1B2B2F37EA</referedAttribute>
<useDomainConstraints>false</useDomainConstraints>
<use>1</use>
<logicalDatatype>LOGDT011</logicalDatatype>
<ownDataTypeParameters>,,</ownDataTypeParameters>
</Attribute>
<Attribute name="Id_Ciudad" id="6ABDA486-5163-EC02-3303-84AA9FB361A1">
<createdBy>casa</createdBy>
<createdTime>2020-03-26 17:25:01 UTC</createdTime>
<generatorID>F4B97E8E-6FBD-66D0-1D99-15CDE22AEB36</generatorID>
<ownerDesignName>Investigadores_Grupo</ownerDesignName>
<referedAttribute>BBB11860-9988-7443-65F8-1E7DA75C1669</referedAttribute>
<useDomainConstraints>false</useDomainConstraints>
<use>1</use>
<logicalDatatype>LOGDT011</logicalDatatype>
<ownDataTypeParameters>,,</ownDataTypeParameters>
</Attribute>
<Attribute name="Id_Pais" id="C0CC4AAD-2FAA-3626-F94C-9E841DA6380B">
<createdBy>casa</createdBy>
<createdTime>2020-03-26 19:40:23 UTC</createdTime>
<generatorID>67B1DF24-3D9B-B85F-A3EC-035BBF12E989</generatorID>
<ownerDesignName>Investigadores_Grupo</ownerDesignName>
<referedAttribute>CDB4483A-4016-70F8-5C9E-D5715C916349</referedAttribute>
<useDomainConstraints>false</useDomainConstraints>
<use>1</use>
<logicalDatatype>LOGDT011</logicalDatatype>
<ownDataTypeParameters>,,</ownDataTypeParameters>
</Attribute>
</attributes>
<identifiers itemClass="oracle.dbtools.crest.model.design.logical.CandidateKey">
<identifier id="1F2FDCE3-1D94-579F-DDEF-563BE4913F59" name="Historial_Conferencias PK">
<createdBy>casa</createdBy>
<createdTime>2020-03-26 17:20:46 UTC</createdTime>
<ownerDesignName>Investigadores_Grupo</ownerDesignName>
<pk>true</pk>
<usedAttributes>
<attributeRef>5C4B1761-3DDB-74EA-4251-00E9BE0AA19F</attributeRef>
</usedAttributes>
</identifier>
</identifiers>
</Entity>