<?xml version = '1.0' encoding = 'UTF-8'?>
<Entity class="oracle.dbtools.crest.model.design.logical.Entity" directorySegmentName="seg_0" id="17010BF5-7398-7FCD-343E-234B3C4CC1E4" name="Identificacion_Semillero">
<createdBy>casa</createdBy>
<createdTime>2020-03-26 19:28:27 UTC</createdTime>
<ownerDesignName>Investigadores_Grupo</ownerDesignName>
<adequatelyNormalized>NO</adequatelyNormalized>
<expectedVolumes>0</expectedVolumes>
<fwdEngineeringStrategyName>Single Table</fwdEngineeringStrategyName>
<growthPercent>0</growthPercent>
<growthType>Year</growthType>
<maxVolumes>9999999</maxVolumes>
<minVolumes>0</minVolumes>
<normalForm>Third</normalForm>
<attributes itemClass="oracle.dbtools.crest.model.design.logical.Attribute">
<Attribute name="Id_Identificacion_Semillero" id="B7D2D6C9-D75D-B1B7-F8A2-65D746817EFA">
<createdBy>casa</createdBy>
<createdTime>2020-03-26 19:28:40 UTC</createdTime>
<ownerDesignName>Investigadores_Grupo</ownerDesignName>
<useDomainConstraints>false</useDomainConstraints>
<use>1</use>
<logicalDatatype>LOGDT011</logicalDatatype>
<ownDataTypeParameters>,,</ownDataTypeParameters>
</Attribute>
<Attribute name="Fecha_Conformacion" id="22CD7D8B-BF47-B630-9225-7ED7F37E4FC5">
<createdBy>casa</createdBy>
<createdTime>2020-03-26 19:28:54 UTC</createdTime>
<ownerDesignName>Investigadores_Grupo</ownerDesignName>
<nullsAllowed>true</nullsAllowed>
<useDomainConstraints>false</useDomainConstraints>
<use>1</use>
<logicalDatatype>LOGDT007</logicalDatatype>
<ownDataTypeParameters>,,</ownDataTypeParameters>
</Attribute>
<Attribute name="Pagina_Web" id="E4C318B1-1B7E-D410-95B9-EFFF4BB5E557">
<createdBy>casa</createdBy>
<createdTime>2020-03-26 19:29:41 UTC</createdTime>
<ownerDesignName>Investigadores_Grupo</ownerDesignName>
<nullsAllowed>true</nullsAllowed>
<useDomainConstraints>false</useDomainConstraints>
<use>1</use>
<logicalDatatype>LOGDT024</logicalDatatype>
<dataTypeSize>100</dataTypeSize>
<ownDataTypeParameters>100,,</ownDataTypeParameters>
</Attribute>
<Attribute name="Correo_Electronico" id="2A0BD46B-12B1-DA00-778F-1CFACDD6425A">
<createdBy>casa</createdBy>
<createdTime>2020-03-26 19:29:55 UTC</createdTime>
<ownerDesignName>Investigadores_Grupo</ownerDesignName>
<nullsAllowed>true</nullsAllowed>
<useDomainConstraints>false</useDomainConstraints>
<use>1</use>
<logicalDatatype>LOGDT024</logicalDatatype>
<dataTypeSize>100</dataTypeSize>
<ownDataTypeParameters>100,,</ownDataTypeParameters>
</Attribute>
<Attribute name="Id_Estado" id="9D3DD234-0000-7257-1E85-EE7F007CF49D">
<createdBy>casa</createdBy>
<createdTime>2020-03-26 19:31:39 UTC</createdTime>
<generatorID>646B5D6E-BC0D-D5C9-6039-3EBDCA35F949</generatorID>
<ownerDesignName>Investigadores_Grupo</ownerDesignName>
<referedAttribute>3DDC7CB4-1DB8-F141-2B16-3F1B2B2F37EA</referedAttribute>
<useDomainConstraints>false</useDomainConstraints>
<use>1</use>
<logicalDatatype>LOGDT011</logicalDatatype>
<ownDataTypeParameters>,,</ownDataTypeParameters>
</Attribute>
<Attribute name="Id_Ciudad" id="9C570569-CF6D-D363-78C8-ABF85F0CEA05">
<createdBy>casa</createdBy>
<createdTime>2020-03-26 19:31:51 UTC</createdTime>
<generatorID>F85671A1-B6E1-E658-B39C-6EA82D3D24E0</generatorID>
<ownerDesignName>Investigadores_Grupo</ownerDesignName>
<referedAttribute>BBB11860-9988-7443-65F8-1E7DA75C1669</referedAttribute>
<useDomainConstraints>false</useDomainConstraints>
<use>1</use>
<logicalDatatype>LOGDT011</logicalDatatype>
<ownDataTypeParameters>,,</ownDataTypeParameters>
</Attribute>
<Attribute name="Id_Investigador" id="34C5C8D8-DCD6-FB08-E690-442BB4A8CA12">
<createdBy>casa</createdBy>
<createdTime>2020-03-26 19:38:49 UTC</createdTime>
<generatorID>50D8558A-6BD9-7415-4137-87EC39A2EFB2</generatorID>
<ownerDesignName>Investigadores_Grupo</ownerDesignName>
<referedAttribute>EF66A66C-7C96-EEEE-159C-D8765E9B7D47</referedAttribute>
<useDomainConstraints>false</useDomainConstraints>
<use>1</use>
<logicalDatatype>LOGDT011</logicalDatatype>
<ownDataTypeParameters>,,</ownDataTypeParameters>
</Attribute>
<Attribute name="Id_Pais" id="446B7D4D-1720-F3B6-ADA6-E5D285367523">
<createdBy>casa</createdBy>
<createdTime>2020-03-26 19:40:23 UTC</createdTime>
<generatorID>6B52D338-3E7D-0177-97CE-60D319552338</generatorID>
<ownerDesignName>Investigadores_Grupo</ownerDesignName>
<referedAttribute>CDB4483A-4016-70F8-5C9E-D5715C916349</referedAttribute>
<useDomainConstraints>false</useDomainConstraints>
<use>1</use>
<logicalDatatype>LOGDT011</logicalDatatype>
<ownDataTypeParameters>,,</ownDataTypeParameters>
</Attribute>
<Attribute name="Id_Area_Conocimiento" id="0DE00E17-DF05-E391-9F87-5D9A780DBB4A">
<createdBy>casa</createdBy>
<createdTime>2020-03-26 19:43:57 UTC</createdTime>
<generatorID>3068F684-F2E3-8CE0-B983-307F60BD9105</generatorID>
<ownerDesignName>Investigadores_Grupo</ownerDesignName>
<referedAttribute>9878AD1A-309B-C002-A50A-233879CEE5A6</referedAttribute>
<useDomainConstraints>false</useDomainConstraints>
<use>1</use>
<logicalDatatype>LOGDT011</logicalDatatype>
<ownDataTypeParameters>,,</ownDataTypeParameters>
</Attribute>
</attributes>
<identifiers itemClass="oracle.dbtools.crest.model.design.logical.CandidateKey">
<identifier id="A0510506-3B09-3444-8E47-66CB349149BE" name="Semillero_Grupo PK">
<createdBy>casa</createdBy>
<createdTime>2020-03-26 19:28:52 UTC</createdTime>
<ownerDesignName>Investigadores_Grupo</ownerDesignName>
<pk>true</pk>
<usedAttributes>
<attributeRef>B7D2D6C9-D75D-B1B7-F8A2-65D746817EFA</attributeRef>
</usedAttributes>
</identifier>
</identifiers>
</Entity>