<?xml version = '1.0' encoding = 'UTF-8'?>
<Entity class="oracle.dbtools.crest.model.design.logical.Entity" directorySegmentName="seg_0" id="17BE29CB-4FCB-533F-045B-8C995678ECC2" name="Maestria">
<createdBy>casa</createdBy>
<createdTime>2020-03-19 21:50:51 UTC</createdTime>
<ownerDesignName>Investigadores_Grupo</ownerDesignName>
<adequatelyNormalized>NO</adequatelyNormalized>
<expectedVolumes>0</expectedVolumes>
<fwdEngineeringStrategyName>Single Table</fwdEngineeringStrategyName>
<growthPercent>0</growthPercent>
<growthType>Year</growthType>
<maxVolumes>9999999</maxVolumes>
<minVolumes>0</minVolumes>
<normalForm>Third</normalForm>
<attributes itemClass="oracle.dbtools.crest.model.design.logical.Attribute">
<Attribute name="id_Maestria" id="2BB57C5A-4298-DD60-B6FA-967C5B76B70C">
<createdBy>casa</createdBy>
<createdTime>2020-03-19 21:50:51 UTC</createdTime>
<ownerDesignName>Investigadores_Grupo</ownerDesignName>
<useDomainConstraints>false</useDomainConstraints>
<use>1</use>
<logicalDatatype>LOGDT011</logicalDatatype>
<ownDataTypeParameters>,,</ownDataTypeParameters>
</Attribute>
<Attribute name="Fecha_inicio" id="39F36175-04E6-8AF6-4337-12D1F2CADA1F">
<createdBy>casa</createdBy>
<createdTime>2020-03-19 21:50:51 UTC</createdTime>
<ownerDesignName>Investigadores_Grupo</ownerDesignName>
<nullsAllowed>true</nullsAllowed>
<useDomainConstraints>false</useDomainConstraints>
<use>1</use>
<logicalDatatype>LOGDT007</logicalDatatype>
<ownDataTypeParameters>,,</ownDataTypeParameters>
</Attribute>
<Attribute name="Fecha_Finalizacion" id="1DAB7AA9-E827-F379-0D8F-1D22AB889C64">
<createdBy>casa</createdBy>
<createdTime>2020-03-19 21:50:51 UTC</createdTime>
<ownerDesignName>Investigadores_Grupo</ownerDesignName>
<nullsAllowed>true</nullsAllowed>
<useDomainConstraints>false</useDomainConstraints>
<use>1</use>
<logicalDatatype>LOGDT007</logicalDatatype>
<ownDataTypeParameters>,,</ownDataTypeParameters>
</Attribute>
<Attribute name="Numero_Semestre" id="E60FAFDD-5754-0053-A98A-2805BFBEE11E">
<createdBy>casa</createdBy>
<createdTime>2020-03-19 21:50:51 UTC</createdTime>
<ownerDesignName>Investigadores_Grupo</ownerDesignName>
<nullsAllowed>true</nullsAllowed>
<useDomainConstraints>false</useDomainConstraints>
<use>1</use>
<logicalDatatype>LOGDT011</logicalDatatype>
<ownDataTypeParameters>,,</ownDataTypeParameters>
</Attribute>
<Attribute name="Promedio_Academico" id="EA5549BF-C89D-000A-3364-2EC7CCE68345">
<createdBy>casa</createdBy>
<createdTime>2020-03-19 21:50:51 UTC</createdTime>
<ownerDesignName>Investigadores_Grupo</ownerDesignName>
<nullsAllowed>true</nullsAllowed>
<useDomainConstraints>false</useDomainConstraints>
<use>1</use>
<logicalDatatype>LOGDT019</logicalDatatype>
<dataTypePrecision>4</dataTypePrecision>
<dataTypeScale>2</dataTypeScale>
<ownDataTypeParameters>,4,2</ownDataTypeParameters>
</Attribute>
<Attribute name="Nombre_Maestria" id="6D0F6798-A16A-0E3A-E671-F72AABE62428">
<createdBy>casa</createdBy>
<createdTime>2020-03-19 21:50:51 UTC</createdTime>
<ownerDesignName>Investigadores_Grupo</ownerDesignName>
<nullsAllowed>true</nullsAllowed>
<useDomainConstraints>false</useDomainConstraints>
<use>1</use>
<logicalDatatype>LOGDT024</logicalDatatype>
<dataTypeSize>200</dataTypeSize>
<ownDataTypeParameters>200,,</ownDataTypeParameters>
</Attribute>
</attributes>
<identifiers itemClass="oracle.dbtools.crest.model.design.logical.CandidateKey">
<identifier id="8B599DA9-E806-542D-16D8-94B29443735F" name="Especializacion PK">
<createdBy>casa</createdBy>
<createdTime>2020-03-19 21:50:51 UTC</createdTime>
<ownerDesignName>Investigadores_Grupo</ownerDesignName>
<pk>true</pk>
<usedAttributes>
<attributeRef>2BB57C5A-4298-DD60-B6FA-967C5B76B70C</attributeRef>
</usedAttributes>
</identifier>
</identifiers>
</Entity>