<?xml version = '1.0' encoding = 'UTF-8'?>
<Entity class="oracle.dbtools.crest.model.design.logical.Entity" directorySegmentName="seg_0" id="18913470-FBC2-4B9A-A557-76C423612A6F" name="Tipo_Documento">
<createdBy>casa</createdBy>
<createdTime>2020-03-19 21:24:13 UTC</createdTime>
<ownerDesignName>Investigadores_Grupo</ownerDesignName>
<adequatelyNormalized>NO</adequatelyNormalized>
<expectedVolumes>0</expectedVolumes>
<fwdEngineeringStrategyName>Single Table</fwdEngineeringStrategyName>
<growthPercent>0</growthPercent>
<growthType>Year</growthType>
<maxVolumes>9999999</maxVolumes>
<minVolumes>0</minVolumes>
<normalForm>Third</normalForm>
<attributes itemClass="oracle.dbtools.crest.model.design.logical.Attribute">
<Attribute name="Id_Tipo_Documento" id="AB1799D9-287A-118F-53E5-8E12CA2AE056">
<createdBy>casa</createdBy>
<createdTime>2020-03-19 21:24:38 UTC</createdTime>
<ownerDesignName>Investigadores_Grupo</ownerDesignName>
<useDomainConstraints>false</useDomainConstraints>
<use>1</use>
<logicalDatatype>LOGDT011</logicalDatatype>
<ownDataTypeParameters>,,</ownDataTypeParameters>
</Attribute>
<Attribute name="Tipo_Documento" id="F53F48E9-67DC-E30B-7939-1C1131480C0C">
<createdBy>casa</createdBy>
<createdTime>2020-03-19 21:24:57 UTC</createdTime>
<ownerDesignName>Investigadores_Grupo</ownerDesignName>
<nullsAllowed>true</nullsAllowed>
<useDomainConstraints>false</useDomainConstraints>
<use>1</use>
<logicalDatatype>LOGDT024</logicalDatatype>
<dataTypeSize>5</dataTypeSize>
<ownDataTypeParameters>5,,</ownDataTypeParameters>
</Attribute>
</attributes>
<identifiers itemClass="oracle.dbtools.crest.model.design.logical.CandidateKey">
<identifier id="761F57CB-1DDE-2EFB-E299-ED898E74D9D5" name="Tipo_Documento PK">
<createdBy>casa</createdBy>
<createdTime>2020-03-19 21:24:55 UTC</createdTime>
<ownerDesignName>Investigadores_Grupo</ownerDesignName>
<pk>true</pk>
<usedAttributes>
<attributeRef>AB1799D9-287A-118F-53E5-8E12CA2AE056</attributeRef>
</usedAttributes>
</identifier>
</identifiers>
</Entity>