<?xml version = '1.0' encoding = 'UTF-8'?>
<Entity class="oracle.dbtools.crest.model.design.logical.Entity" directorySegmentName="seg_0" id="1FE040A7-1EC4-26BE-3A98-F6E68F97026C" name="Nacionalidad">
<createdBy>casa</createdBy>
<createdTime>2020-03-19 21:26:30 UTC</createdTime>
<ownerDesignName>Investigadores_Grupo</ownerDesignName>
<adequatelyNormalized>NO</adequatelyNormalized>
<expectedVolumes>0</expectedVolumes>
<fwdEngineeringStrategyName>Single Table</fwdEngineeringStrategyName>
<growthPercent>0</growthPercent>
<growthType>Year</growthType>
<maxVolumes>9999999</maxVolumes>
<minVolumes>0</minVolumes>
<normalForm>Third</normalForm>
<attributes itemClass="oracle.dbtools.crest.model.design.logical.Attribute">
<Attribute name="Id_Nacionalidad " id="232368B0-037F-0F12-4B03-D64776A8F374">
<createdBy>casa</createdBy>
<createdTime>2020-03-19 21:26:41 UTC</createdTime>
<ownerDesignName>Investigadores_Grupo</ownerDesignName>
<useDomainConstraints>false</useDomainConstraints>
<use>1</use>
<logicalDatatype>LOGDT011</logicalDatatype>
<ownDataTypeParameters>,,</ownDataTypeParameters>
</Attribute>
<Attribute name="Nombre_Nacionalidad" id="4DEA4178-EBA7-4CAD-0E45-760FF9736AB7">
<createdBy>casa</createdBy>
<createdTime>2020-03-19 21:27:16 UTC</createdTime>
<ownerDesignName>Investigadores_Grupo</ownerDesignName>
<nullsAllowed>true</nullsAllowed>
<useDomainConstraints>false</useDomainConstraints>
<use>1</use>
<logicalDatatype>LOGDT024</logicalDatatype>
<dataTypeSize>100</dataTypeSize>
<ownDataTypeParameters>100,,</ownDataTypeParameters>
</Attribute>
</attributes>
<identifiers itemClass="oracle.dbtools.crest.model.design.logical.CandidateKey">
<identifier id="F3C7064C-7F93-9564-0D8B-3D188BD22291" name="Nacionalidad PK">
<createdBy>casa</createdBy>
<createdTime>2020-03-19 21:27:13 UTC</createdTime>
<ownerDesignName>Investigadores_Grupo</ownerDesignName>
<pk>true</pk>
<usedAttributes>
<attributeRef>232368B0-037F-0F12-4B03-D64776A8F374</attributeRef>
</usedAttributes>
</identifier>
</identifiers>
</Entity>