<?xml version = '1.0' encoding = 'UTF-8'?>
<Entity class="oracle.dbtools.crest.model.design.logical.Entity" directorySegmentName="seg_0" id="2424A48A-CD88-F5DE-45DE-DDD0A4A49861" name="Produccion_Arte_Autor">
<createdBy>casa</createdBy>
<createdTime>2020-03-19 22:59:00 UTC</createdTime>
<ownerDesignName>Investigadores_Grupo</ownerDesignName>
<adequatelyNormalized>NO</adequatelyNormalized>
<expectedVolumes>0</expectedVolumes>
<fwdEngineeringStrategyName>Single Table</fwdEngineeringStrategyName>
<growthPercent>0</growthPercent>
<growthType>Year</growthType>
<maxVolumes>9999999</maxVolumes>
<minVolumes>0</minVolumes>
<normalForm>Third</normalForm>
<attributes itemClass="oracle.dbtools.crest.model.design.logical.Attribute">
<Attribute name="Id_Produccion_Arte_Autor" id="DCD90852-CFDE-C685-938B-ECA3886CEEB6">
<createdBy>casa</createdBy>
<createdTime>2020-03-19 22:59:00 UTC</createdTime>
<ownerDesignName>Investigadores_Grupo</ownerDesignName>
<useDomainConstraints>false</useDomainConstraints>
<use>1</use>
<logicalDatatype>LOGDT011</logicalDatatype>
<ownDataTypeParameters>,,</ownDataTypeParameters>
</Attribute>
<Attribute name="Id_Produccion_Arte" id="F2970D69-1874-C1DC-C387-260CC0DEA253">
<createdBy>casa</createdBy>
<createdTime>2020-03-19 22:59:44 UTC</createdTime>
<generatorID>63B31D09-DF38-4436-8682-54FB80106989</generatorID>
<ownerDesignName>Investigadores_Grupo</ownerDesignName>
<referedAttribute>B4683959-FD52-B290-E13B-3F0134A6A3E9</referedAttribute>
<useDomainConstraints>false</useDomainConstraints>
<use>1</use>
<logicalDatatype>LOGDT011</logicalDatatype>
<ownDataTypeParameters>,,</ownDataTypeParameters>
</Attribute>
<Attribute name="Id_Autor" id="AD8B0B45-72CC-50BC-D19E-7E4D80D770C5">
<createdBy>casa</createdBy>
<createdTime>2020-03-19 22:59:50 UTC</createdTime>
<generatorID>E8724ED1-DEB4-ECCB-DE8F-4E7AF60DE549</generatorID>
<ownerDesignName>Investigadores_Grupo</ownerDesignName>
<referedAttribute>E728160A-FD50-F438-2E14-638A56383EDB</referedAttribute>
<useDomainConstraints>false</useDomainConstraints>
<use>1</use>
<logicalDatatype>LOGDT011</logicalDatatype>
<ownDataTypeParameters>,,</ownDataTypeParameters>
</Attribute>
</attributes>
<identifiers itemClass="oracle.dbtools.crest.model.design.logical.CandidateKey">
<identifier id="0A51BB92-F43D-7A0B-13ED-FBC4FFF96D17" name="Libros_Autor PK">
<createdBy>casa</createdBy>
<createdTime>2020-03-19 22:59:00 UTC</createdTime>
<ownerDesignName>Investigadores_Grupo</ownerDesignName>
<pk>true</pk>
<usedAttributes>
<attributeRef>DCD90852-CFDE-C685-938B-ECA3886CEEB6</attributeRef>
</usedAttributes>
</identifier>
</identifiers>
</Entity>