<?xml version = '1.0' encoding = 'UTF-8'?>
<Entity class="oracle.dbtools.crest.model.design.logical.Entity" directorySegmentName="seg_0" id="2541239A-3E04-F154-8979-D3A222B070D8" name="Historial_Dedicacion">
<createdBy>casa</createdBy>
<createdTime>2020-03-26 17:15:32 UTC</createdTime>
<ownerDesignName>Investigadores_Grupo</ownerDesignName>
<adequatelyNormalized>NO</adequatelyNormalized>
<expectedVolumes>0</expectedVolumes>
<fwdEngineeringStrategyName>Single Table</fwdEngineeringStrategyName>
<growthPercent>0</growthPercent>
<growthType>Year</growthType>
<maxVolumes>9999999</maxVolumes>
<minVolumes>0</minVolumes>
<normalForm>Third</normalForm>
<attributes itemClass="oracle.dbtools.crest.model.design.logical.Attribute">
<Attribute name="Id_Historial_Dedicacion" id="745572A4-E83C-A759-0AEC-C2069E111C56">
<createdBy>casa</createdBy>
<createdTime>2020-03-26 17:15:52 UTC</createdTime>
<ownerDesignName>Investigadores_Grupo</ownerDesignName>
<useDomainConstraints>false</useDomainConstraints>
<use>1</use>
<logicalDatatype>LOGDT011</logicalDatatype>
<ownDataTypeParameters>,,</ownDataTypeParameters>
</Attribute>
<Attribute name="Fecha_Inicio" id="A5FE54EE-D41D-4377-A699-ACC0F3E0F9AB">
<createdBy>casa</createdBy>
<createdTime>2020-03-26 17:16:28 UTC</createdTime>
<ownerDesignName>Investigadores_Grupo</ownerDesignName>
<nullsAllowed>true</nullsAllowed>
<useDomainConstraints>false</useDomainConstraints>
<use>1</use>
<logicalDatatype>LOGDT007</logicalDatatype>
<ownDataTypeParameters>,,</ownDataTypeParameters>
</Attribute>
<Attribute name="Fecha_Fin" id="8ED28689-57C0-308B-60B8-85DE2004D792">
<createdBy>casa</createdBy>
<createdTime>2020-03-26 17:16:45 UTC</createdTime>
<ownerDesignName>Investigadores_Grupo</ownerDesignName>
<nullsAllowed>true</nullsAllowed>
<useDomainConstraints>false</useDomainConstraints>
<use>1</use>
<logicalDatatype>LOGDT007</logicalDatatype>
<ownDataTypeParameters>,,</ownDataTypeParameters>
</Attribute>
<Attribute name="Horas_Semanales_Dedicadas" id="6CB498FE-DC31-2762-9E13-A23075866DAE">
<createdBy>casa</createdBy>
<createdTime>2020-03-26 17:16:59 UTC</createdTime>
<ownerDesignName>Investigadores_Grupo</ownerDesignName>
<nullsAllowed>true</nullsAllowed>
<useDomainConstraints>false</useDomainConstraints>
<use>1</use>
<logicalDatatype>LOGDT011</logicalDatatype>
<ownDataTypeParameters>,,</ownDataTypeParameters>
</Attribute>
</attributes>
<identifiers itemClass="oracle.dbtools.crest.model.design.logical.CandidateKey">
<identifier id="24DE76A3-4BAF-2C87-2B54-B47F39E6CB35" name="Historial_Dedicacion PK">
<createdBy>casa</createdBy>
<createdTime>2020-03-26 17:16:27 UTC</createdTime>
<ownerDesignName>Investigadores_Grupo</ownerDesignName>
<pk>true</pk>
<usedAttributes>
<attributeRef>745572A4-E83C-A759-0AEC-C2069E111C56</attributeRef>
</usedAttributes>
</identifier>
</identifiers>
</Entity>