<?xml version = '1.0' encoding = 'UTF-8'?>
<Entity class="oracle.dbtools.crest.model.design.logical.Entity" directorySegmentName="seg_0" id="271E1521-8E48-CEEA-93B2-BD054CB1E400" name="Institucion_Pregrado">
<createdBy>casa</createdBy>
<createdTime>2020-03-19 21:56:04 UTC</createdTime>
<ownerDesignName>Investigadores_Grupo</ownerDesignName>
<adequatelyNormalized>NO</adequatelyNormalized>
<expectedVolumes>0</expectedVolumes>
<fwdEngineeringStrategyName>Single Table</fwdEngineeringStrategyName>
<growthPercent>0</growthPercent>
<growthType>Year</growthType>
<maxVolumes>9999999</maxVolumes>
<minVolumes>0</minVolumes>
<normalForm>Third</normalForm>
<attributes itemClass="oracle.dbtools.crest.model.design.logical.Attribute">
<Attribute name="Id_Institucion_Pregrado" id="5B8FAB10-8500-0BFA-F51A-34D2B3C4CB8D">
<createdBy>casa</createdBy>
<createdTime>2020-03-19 21:56:33 UTC</createdTime>
<ownerDesignName>Investigadores_Grupo</ownerDesignName>
<useDomainConstraints>false</useDomainConstraints>
<use>1</use>
<logicalDatatype>LOGDT011</logicalDatatype>
<ownDataTypeParameters>,,</ownDataTypeParameters>
</Attribute>
<Attribute name="Id_Pregrado" id="14ADCB87-F1DE-4B8F-5CDF-D364A5316AED">
<createdBy>oracle</createdBy>
<createdTime>2020-03-25 23:00:30 UTC</createdTime>
<generatorID>574BB279-899A-2AB9-7A0F-F1DF789C64C5</generatorID>
<ownerDesignName>Investigadores_Grupo</ownerDesignName>
<referedAttribute>BD446C3A-9AD4-E9A3-1E7C-028ABEF19E59</referedAttribute>
<useDomainConstraints>false</useDomainConstraints>
<use>1</use>
<logicalDatatype>LOGDT011</logicalDatatype>
<ownDataTypeParameters>,,</ownDataTypeParameters>
</Attribute>
</attributes>
<identifiers itemClass="oracle.dbtools.crest.model.design.logical.CandidateKey">
<identifier id="9C2BAE4B-CE2C-D072-0CF7-D1160F79444D" name="Institucion_Pregrado PK">
<createdBy>casa</createdBy>
<createdTime>2020-03-19 21:56:44 UTC</createdTime>
<ownerDesignName>Investigadores_Grupo</ownerDesignName>
<pk>true</pk>
<usedAttributes>
<attributeRef>5B8FAB10-8500-0BFA-F51A-34D2B3C4CB8D</attributeRef>
</usedAttributes>
</identifier>
</identifiers>
</Entity>