<?xml version = '1.0' encoding = 'UTF-8'?>
<Entity class="oracle.dbtools.crest.model.design.logical.Entity" directorySegmentName="seg_0" id="27898E42-00B8-948C-3F5B-173F4F4F8FDD" name="Actividades_Formacion">
<createdBy>casa</createdBy>
<createdTime>2020-03-19 22:21:58 UTC</createdTime>
<ownerDesignName>Investigadores_Grupo</ownerDesignName>
<adequatelyNormalized>NO</adequatelyNormalized>
<expectedVolumes>0</expectedVolumes>
<fwdEngineeringStrategyName>Single Table</fwdEngineeringStrategyName>
<growthPercent>0</growthPercent>
<growthType>Year</growthType>
<maxVolumes>9999999</maxVolumes>
<minVolumes>0</minVolumes>
<normalForm>Third</normalForm>
<attributes itemClass="oracle.dbtools.crest.model.design.logical.Attribute">
<Attribute name="Id_Actividades_Formacion" id="04104A67-E6EF-C7AA-D3FA-086B5AB6E9B5">
<createdBy>casa</createdBy>
<createdTime>2020-03-19 22:22:18 UTC</createdTime>
<ownerDesignName>Investigadores_Grupo</ownerDesignName>
<useDomainConstraints>false</useDomainConstraints>
<use>1</use>
<logicalDatatype>LOGDT011</logicalDatatype>
<ownDataTypeParameters>,,</ownDataTypeParameters>
</Attribute>
<Attribute name="Id_Trabajos_Dirigidos" id="7E9D6D0B-90BE-B426-6DFD-308C70DBA385">
<createdBy>oracle</createdBy>
<createdTime>2020-03-25 23:33:10 UTC</createdTime>
<generatorID>D77A119C-7552-5741-2ACC-2C9D3259E078</generatorID>
<ownerDesignName>Investigadores_Grupo</ownerDesignName>
<referedAttribute>090C1B4E-1BC4-078E-35FF-E2642F0C4575</referedAttribute>
<useDomainConstraints>false</useDomainConstraints>
<use>1</use>
<logicalDatatype>LOGDT011</logicalDatatype>
<ownDataTypeParameters>,,</ownDataTypeParameters>
</Attribute>
</attributes>
<identifiers itemClass="oracle.dbtools.crest.model.design.logical.CandidateKey">
<identifier id="75BCB83B-93A1-E63C-09ED-FCC65B06CBF6" name="Actividades_Formacion PK">
<createdBy>oracle</createdBy>
<createdTime>2020-03-25 23:32:09 UTC</createdTime>
<ownerDesignName>Investigadores_Grupo</ownerDesignName>
<pk>true</pk>
<usedAttributes>
<attributeRef>04104A67-E6EF-C7AA-D3FA-086B5AB6E9B5</attributeRef>
</usedAttributes>
</identifier>
</identifiers>
</Entity>