<?xml version = '1.0' encoding = 'UTF-8'?>
<Entity class="oracle.dbtools.crest.model.design.logical.Entity" directorySegmentName="seg_0" id="28E06DC9-11F2-71B3-D19A-4D951285B0BB" name="Asignatura">
<createdBy>casa</createdBy>
<createdTime>2020-03-19 22:09:06 UTC</createdTime>
<ownerDesignName>Investigadores_Grupo</ownerDesignName>
<adequatelyNormalized>NO</adequatelyNormalized>
<expectedVolumes>0</expectedVolumes>
<fwdEngineeringStrategyName>Single Table</fwdEngineeringStrategyName>
<growthPercent>0</growthPercent>
<growthType>Year</growthType>
<maxVolumes>9999999</maxVolumes>
<minVolumes>0</minVolumes>
<normalForm>Third</normalForm>
<attributes itemClass="oracle.dbtools.crest.model.design.logical.Attribute">
<Attribute name="Id_Asignatura" id="5CB1C851-8604-0E3E-0F2F-1845A9E98D21">
<createdBy>casa</createdBy>
<createdTime>2020-03-19 22:09:25 UTC</createdTime>
<ownerDesignName>Investigadores_Grupo</ownerDesignName>
<useDomainConstraints>false</useDomainConstraints>
<use>1</use>
<logicalDatatype>LOGDT011</logicalDatatype>
<ownDataTypeParameters>,,</ownDataTypeParameters>
</Attribute>
<Attribute name="Nombre_Asignatura" id="2E23D89D-DEBB-2DA5-9ADB-6824B4A46322">
<createdBy>casa</createdBy>
<createdTime>2020-03-19 22:09:44 UTC</createdTime>
<ownerDesignName>Investigadores_Grupo</ownerDesignName>
<nullsAllowed>true</nullsAllowed>
<useDomainConstraints>false</useDomainConstraints>
<use>1</use>
<logicalDatatype>LOGDT024</logicalDatatype>
<dataTypeSize>100</dataTypeSize>
<ownDataTypeParameters>100,,</ownDataTypeParameters>
</Attribute>
<Attribute name="Horas" id="A2CE67D6-781C-3FE5-FE08-76E14541C3B7">
<createdBy>casa</createdBy>
<createdTime>2020-03-19 22:10:05 UTC</createdTime>
<ownerDesignName>Investigadores_Grupo</ownerDesignName>
<nullsAllowed>true</nullsAllowed>
<useDomainConstraints>false</useDomainConstraints>
<use>1</use>
<logicalDatatype>LOGDT011</logicalDatatype>
<ownDataTypeParameters>,,</ownDataTypeParameters>
</Attribute>
</attributes>
<identifiers itemClass="oracle.dbtools.crest.model.design.logical.CandidateKey">
<identifier id="BD24D60C-0FC0-69BD-5F87-0B9BC9CDADC7" name="Asginatura PK">
<createdBy>casa</createdBy>
<createdTime>2020-03-19 22:09:41 UTC</createdTime>
<ownerDesignName>Investigadores_Grupo</ownerDesignName>
<pk>true</pk>
<usedAttributes>
<attributeRef>5CB1C851-8604-0E3E-0F2F-1845A9E98D21</attributeRef>
</usedAttributes>
</identifier>
</identifiers>
</Entity>