<?xml version = '1.0' encoding = 'UTF-8'?>
<Entity class="oracle.dbtools.crest.model.design.logical.Entity" directorySegmentName="seg_0" id="2EC2D13C-2BDB-B2FB-3B1B-D3A4E6D5DEAB" name="Trabajos_Jurado">
<createdBy>casa</createdBy>
<createdTime>2020-03-19 22:29:05 UTC</createdTime>
<ownerDesignName>Investigadores_Grupo</ownerDesignName>
<adequatelyNormalized>NO</adequatelyNormalized>
<expectedVolumes>0</expectedVolumes>
<fwdEngineeringStrategyName>Single Table</fwdEngineeringStrategyName>
<growthPercent>0</growthPercent>
<growthType>Year</growthType>
<maxVolumes>9999999</maxVolumes>
<minVolumes>0</minVolumes>
<normalForm>Third</normalForm>
<attributes itemClass="oracle.dbtools.crest.model.design.logical.Attribute">
<Attribute name="Id_Trabajos_Jurado" id="12DB5202-FBF9-39CD-3438-F927C2A0AAB8">
<createdBy>casa</createdBy>
<createdTime>2020-03-19 22:29:27 UTC</createdTime>
<ownerDesignName>Investigadores_Grupo</ownerDesignName>
<useDomainConstraints>false</useDomainConstraints>
<use>1</use>
<logicalDatatype>LOGDT011</logicalDatatype>
<ownDataTypeParameters>,,</ownDataTypeParameters>
</Attribute>
<Attribute name="Titulo_trabajo" id="B2E8F194-B769-8A7C-9A65-CBE7C1C160BD">
<createdBy>casa</createdBy>
<createdTime>2020-03-19 22:29:55 UTC</createdTime>
<ownerDesignName>Investigadores_Grupo</ownerDesignName>
<nullsAllowed>true</nullsAllowed>
<useDomainConstraints>false</useDomainConstraints>
<use>1</use>
<logicalDatatype>LOGDT011</logicalDatatype>
<ownDataTypeParameters>,,</ownDataTypeParameters>
</Attribute>
<Attribute name="Fecha_Sustentacion" id="EB1859E0-5664-FAA0-D067-931A6ECF9B3F">
<createdBy>casa</createdBy>
<createdTime>2020-03-19 22:30:08 UTC</createdTime>
<ownerDesignName>Investigadores_Grupo</ownerDesignName>
<nullsAllowed>true</nullsAllowed>
<useDomainConstraints>false</useDomainConstraints>
<use>1</use>
<logicalDatatype>LOGDT007</logicalDatatype>
<ownDataTypeParameters>,,</ownDataTypeParameters>
</Attribute>
</attributes>
<identifiers itemClass="oracle.dbtools.crest.model.design.logical.CandidateKey">
<identifier id="BF7138E6-1408-EFE2-BA3C-5CE0E6AE4483" name="Trabajos_Jurado PK">
<createdBy>casa</createdBy>
<createdTime>2020-03-19 22:29:40 UTC</createdTime>
<ownerDesignName>Investigadores_Grupo</ownerDesignName>
<pk>true</pk>
<usedAttributes>
<attributeRef>12DB5202-FBF9-39CD-3438-F927C2A0AAB8</attributeRef>
</usedAttributes>
</identifier>
</identifiers>
</Entity>