<?xml version = '1.0' encoding = 'UTF-8'?>
<Entity class="oracle.dbtools.crest.model.design.logical.Entity" directorySegmentName="seg_0" id="3144D05D-3204-E7EA-83E2-A4842F487DA7" name="Diplomado_Disenado_grupo">
<createdBy>casa</createdBy>
<createdTime>2020-03-26 17:51:23 UTC</createdTime>
<ownerDesignName>Investigadores_Grupo</ownerDesignName>
<adequatelyNormalized>NO</adequatelyNormalized>
<expectedVolumes>0</expectedVolumes>
<fwdEngineeringStrategyName>Single Table</fwdEngineeringStrategyName>
<growthPercent>0</growthPercent>
<growthType>Year</growthType>
<maxVolumes>9999999</maxVolumes>
<minVolumes>0</minVolumes>
<normalForm>Third</normalForm>
<attributes itemClass="oracle.dbtools.crest.model.design.logical.Attribute">
<Attribute name="Id_Diplomado_Disenado_grupo" id="608D76C8-A7F1-DF6E-5DB8-B31320D1C736">
<createdBy>casa</createdBy>
<createdTime>2020-03-26 17:51:41 UTC</createdTime>
<ownerDesignName>Investigadores_Grupo</ownerDesignName>
<useDomainConstraints>false</useDomainConstraints>
<use>1</use>
<logicalDatatype>LOGDT011</logicalDatatype>
<ownDataTypeParameters>,,</ownDataTypeParameters>
</Attribute>
<Attribute name="Denominacion_Diplomado" id="D5F89784-054D-38E1-AE51-16F491156E9F">
<createdBy>casa</createdBy>
<createdTime>2020-03-26 17:52:34 UTC</createdTime>
<ownerDesignName>Investigadores_Grupo</ownerDesignName>
<nullsAllowed>true</nullsAllowed>
<useDomainConstraints>false</useDomainConstraints>
<use>1</use>
<logicalDatatype>LOGDT024</logicalDatatype>
<dataTypeSize>100</dataTypeSize>
<ownDataTypeParameters>100,,</ownDataTypeParameters>
</Attribute>
<Attribute name="Descripcion" id="659FFDD6-6F6D-8C98-652A-91CF0F7178CB">
<createdBy>casa</createdBy>
<createdTime>2020-03-26 18:00:06 UTC</createdTime>
<ownerDesignName>Investigadores_Grupo</ownerDesignName>
<nullsAllowed>true</nullsAllowed>
<useDomainConstraints>false</useDomainConstraints>
<use>1</use>
<logicalDatatype>LOGDT024</logicalDatatype>
<dataTypeSize>500</dataTypeSize>
<ownDataTypeParameters>500,,</ownDataTypeParameters>
</Attribute>
<Attribute name="Fecha_Primer_Corte" id="2624D227-BDBA-BEE1-5B04-5DD1CD776492">
<createdBy>casa</createdBy>
<createdTime>2020-03-26 18:00:22 UTC</createdTime>
<ownerDesignName>Investigadores_Grupo</ownerDesignName>
<nullsAllowed>true</nullsAllowed>
<useDomainConstraints>false</useDomainConstraints>
<use>1</use>
<logicalDatatype>LOGDT007</logicalDatatype>
<ownDataTypeParameters>,,</ownDataTypeParameters>
</Attribute>
<Attribute name="Id_Area_Conocimiento" id="8F12FB9F-694C-45DC-DC23-2B8E05FC141A">
<createdBy>casa</createdBy>
<createdTime>2020-03-26 18:01:13 UTC</createdTime>
<generatorID>8918E4AD-19AA-2977-BBF8-3530480A86ED</generatorID>
<ownerDesignName>Investigadores_Grupo</ownerDesignName>
<referedAttribute>9878AD1A-309B-C002-A50A-233879CEE5A6</referedAttribute>
<useDomainConstraints>false</useDomainConstraints>
<use>1</use>
<logicalDatatype>LOGDT011</logicalDatatype>
<ownDataTypeParameters>,,</ownDataTypeParameters>
</Attribute>
</attributes>
<identifiers itemClass="oracle.dbtools.crest.model.design.logical.CandidateKey">
<identifier id="2E409CA7-4195-66A8-B462-51D1A80C0639" name="Diplomado_Disenado_grupo PK">
<createdBy>casa</createdBy>
<createdTime>2020-03-26 17:52:23 UTC</createdTime>
<ownerDesignName>Investigadores_Grupo</ownerDesignName>
<pk>true</pk>
<usedAttributes>
<attributeRef>608D76C8-A7F1-DF6E-5DB8-B31320D1C736</attributeRef>
</usedAttributes>
</identifier>
</identifiers>
</Entity>