<?xml version = '1.0' encoding = 'UTF-8'?>
<Entity class="oracle.dbtools.crest.model.design.logical.Entity" directorySegmentName="seg_0" id="3EBE959E-8C5B-526A-4122-546EB367EB44" name="Produccion_Arte">
<createdBy>casa</createdBy>
<createdTime>2020-03-19 22:57:35 UTC</createdTime>
<ownerDesignName>Investigadores_Grupo</ownerDesignName>
<adequatelyNormalized>NO</adequatelyNormalized>
<expectedVolumes>0</expectedVolumes>
<fwdEngineeringStrategyName>Single Table</fwdEngineeringStrategyName>
<growthPercent>0</growthPercent>
<growthType>Year</growthType>
<maxVolumes>9999999</maxVolumes>
<minVolumes>0</minVolumes>
<normalForm>Third</normalForm>
<attributes itemClass="oracle.dbtools.crest.model.design.logical.Attribute">
<Attribute name="Id_Produccion_Arte" id="B4683959-FD52-B290-E13B-3F0134A6A3E9">
<createdBy>casa</createdBy>
<createdTime>2020-03-19 22:57:45 UTC</createdTime>
<ownerDesignName>Investigadores_Grupo</ownerDesignName>
<useDomainConstraints>false</useDomainConstraints>
<use>1</use>
<logicalDatatype>LOGDT011</logicalDatatype>
<ownDataTypeParameters>,,</ownDataTypeParameters>
</Attribute>
<Attribute name="Nombre" id="51FDC77F-925C-9308-E28D-33BF56DAD474">
<createdBy>casa</createdBy>
<createdTime>2020-03-19 22:58:13 UTC</createdTime>
<ownerDesignName>Investigadores_Grupo</ownerDesignName>
<nullsAllowed>true</nullsAllowed>
<useDomainConstraints>false</useDomainConstraints>
<use>1</use>
<logicalDatatype>LOGDT024</logicalDatatype>
<dataTypeSize>100</dataTypeSize>
<ownDataTypeParameters>100,,</ownDataTypeParameters>
</Attribute>
<Attribute name="Resumen" id="C075BCB6-7604-A16C-7978-A6966CB1F602">
<createdBy>casa</createdBy>
<createdTime>2020-03-19 22:58:27 UTC</createdTime>
<ownerDesignName>Investigadores_Grupo</ownerDesignName>
<nullsAllowed>true</nullsAllowed>
<useDomainConstraints>false</useDomainConstraints>
<use>1</use>
<logicalDatatype>LOGDT024</logicalDatatype>
<dataTypeSize>500</dataTypeSize>
<ownDataTypeParameters>500,,</ownDataTypeParameters>
</Attribute>
</attributes>
<identifiers itemClass="oracle.dbtools.crest.model.design.logical.CandidateKey">
<identifier id="FE192054-1BA8-0F43-4FEA-31D35FECCA49" name="Produccion_Arte PK">
<createdBy>casa</createdBy>
<createdTime>2020-03-19 22:58:07 UTC</createdTime>
<ownerDesignName>Investigadores_Grupo</ownerDesignName>
<pk>true</pk>
<usedAttributes>
<attributeRef>B4683959-FD52-B290-E13B-3F0134A6A3E9</attributeRef>
</usedAttributes>
</identifier>
</identifiers>
</Entity>