<?xml version = '1.0' encoding = 'UTF-8'?>
<Entity class="oracle.dbtools.crest.model.design.logical.Entity" directorySegmentName="seg_0" id="43236B9A-BBA0-FF0F-3981-1F42AD10BE17" name="Producccion_Academica_Grupo">
<createdBy>casa</createdBy>
<createdTime>2020-03-26 17:40:41 UTC</createdTime>
<ownerDesignName>Investigadores_Grupo</ownerDesignName>
<adequatelyNormalized>NO</adequatelyNormalized>
<expectedVolumes>0</expectedVolumes>
<fwdEngineeringStrategyName>Single Table</fwdEngineeringStrategyName>
<growthPercent>0</growthPercent>
<growthType>Year</growthType>
<maxVolumes>9999999</maxVolumes>
<minVolumes>0</minVolumes>
<normalForm>Third</normalForm>
<attributes itemClass="oracle.dbtools.crest.model.design.logical.Attribute">
<Attribute name="Id_Producccion_Academica_Grupo" id="CFEA0D6F-7AB6-8EAF-84B6-C066B63B92A0">
<createdBy>casa</createdBy>
<createdTime>2020-03-26 17:41:22 UTC</createdTime>
<ownerDesignName>Investigadores_Grupo</ownerDesignName>
<useDomainConstraints>false</useDomainConstraints>
<use>1</use>
<logicalDatatype>LOGDT011</logicalDatatype>
<ownDataTypeParameters>,,</ownDataTypeParameters>
</Attribute>
<Attribute name="Id_Programas_Academicos_Grupo" id="84E0DB03-FCAB-171D-848C-DC33ED12A3FD">
<createdBy>casa</createdBy>
<createdTime>2020-03-26 17:47:09 UTC</createdTime>
<generatorID>6396914C-D0D4-71A8-65C0-7F33EEB34D39</generatorID>
<ownerDesignName>Investigadores_Grupo</ownerDesignName>
<referedAttribute>B5F67ABF-D52B-F44F-D05B-20212D394F42</referedAttribute>
<useDomainConstraints>false</useDomainConstraints>
<use>1</use>
<logicalDatatype>LOGDT011</logicalDatatype>
<ownDataTypeParameters>,,</ownDataTypeParameters>
</Attribute>
<Attribute name="Id_Diplomado_Disenado_grupo" id="70CCC56F-C02B-47A4-92A7-6A4BE7A4E341">
<createdBy>casa</createdBy>
<createdTime>2020-03-26 18:03:04 UTC</createdTime>
<generatorID>29529A03-51C1-66B0-5736-8C9ECF829ACF</generatorID>
<ownerDesignName>Investigadores_Grupo</ownerDesignName>
<referedAttribute>608D76C8-A7F1-DF6E-5DB8-B31320D1C736</referedAttribute>
<useDomainConstraints>false</useDomainConstraints>
<use>1</use>
<logicalDatatype>LOGDT011</logicalDatatype>
<ownDataTypeParameters>,,</ownDataTypeParameters>
</Attribute>
</attributes>
<identifiers itemClass="oracle.dbtools.crest.model.design.logical.CandidateKey">
<identifier id="4FA014CB-3CA9-5C0D-EADC-A84D0C67609E" name="Producccion_Academica_Grupo PK">
<createdBy>casa</createdBy>
<createdTime>2020-03-26 17:41:32 UTC</createdTime>
<ownerDesignName>Investigadores_Grupo</ownerDesignName>
<pk>true</pk>
<usedAttributes>
<attributeRef>CFEA0D6F-7AB6-8EAF-84B6-C066B63B92A0</attributeRef>
</usedAttributes>
</identifier>
</identifiers>
</Entity>