<?xml version = '1.0' encoding = 'UTF-8'?>
<Entity class="oracle.dbtools.crest.model.design.logical.Entity" directorySegmentName="seg_0" id="4E58B896-7B38-9904-2065-1270053C842B" name="Estado">
<createdBy>casa</createdBy>
<createdTime>2020-03-26 16:53:16 UTC</createdTime>
<ownerDesignName>Investigadores_Grupo</ownerDesignName>
<adequatelyNormalized>NO</adequatelyNormalized>
<expectedVolumes>0</expectedVolumes>
<fwdEngineeringStrategyName>Single Table</fwdEngineeringStrategyName>
<growthPercent>0</growthPercent>
<growthType>Year</growthType>
<maxVolumes>9999999</maxVolumes>
<minVolumes>0</minVolumes>
<normalForm>Third</normalForm>
<attributes itemClass="oracle.dbtools.crest.model.design.logical.Attribute">
<Attribute name="Id_Estado" id="3DDC7CB4-1DB8-F141-2B16-3F1B2B2F37EA">
<createdBy>casa</createdBy>
<createdTime>2020-03-26 16:53:16 UTC</createdTime>
<ownerDesignName>Investigadores_Grupo</ownerDesignName>
<importedID>D9344EED-8714-A38A-933A-430D974B2727</importedID>
<useDomainConstraints>false</useDomainConstraints>
<use>1</use>
<logicalDatatype>LOGDT011</logicalDatatype>
<ownDataTypeParameters>,,</ownDataTypeParameters>
</Attribute>
<Attribute name="Nombre_Estado" id="E5B7BD65-7F97-A251-ED12-9B4637BCA5E4">
<createdBy>casa</createdBy>
<createdTime>2020-03-26 16:53:16 UTC</createdTime>
<ownerDesignName>Investigadores_Grupo</ownerDesignName>
<importedID>7AB6B7FC-D695-8EAD-0914-C471978D4CA9</importedID>
<nullsAllowed>true</nullsAllowed>
<useDomainConstraints>false</useDomainConstraints>
<use>1</use>
<logicalDatatype>LOGDT024</logicalDatatype>
<dataTypeSize>100</dataTypeSize>
<ownDataTypeParameters>100,,</ownDataTypeParameters>
</Attribute>
</attributes>
<identifiers itemClass="oracle.dbtools.crest.model.design.logical.CandidateKey">
<identifier id="E0AFE17D-70EF-3C06-A8C8-B68A3E85B409" name="Estado PK">
<createdBy>casa</createdBy>
<createdTime>2020-03-26 16:53:16 UTC</createdTime>
<ownerDesignName>Investigadores_Grupo</ownerDesignName>
<pk>true</pk>
<usedAttributes>
<attributeRef>3DDC7CB4-1DB8-F141-2B16-3F1B2B2F37EA</attributeRef>
</usedAttributes>
</identifier>
</identifiers>
</Entity>