<?xml version = '1.0' encoding = 'UTF-8'?>
<Entity class="oracle.dbtools.crest.model.design.logical.Entity" directorySegmentName="seg_0" id="5F992CAF-9032-6D64-65BA-7B6839AFC46B" name="Trabajos_Jurado_Autor">
<createdBy>casa</createdBy>
<createdTime>2020-03-20 00:01:16 UTC</createdTime>
<ownerDesignName>Investigadores_Grupo</ownerDesignName>
<adequatelyNormalized>NO</adequatelyNormalized>
<expectedVolumes>0</expectedVolumes>
<fwdEngineeringStrategyName>Single Table</fwdEngineeringStrategyName>
<growthPercent>0</growthPercent>
<growthType>Year</growthType>
<maxVolumes>9999999</maxVolumes>
<minVolumes>0</minVolumes>
<normalForm>Third</normalForm>
<attributes itemClass="oracle.dbtools.crest.model.design.logical.Attribute">
<Attribute name="Id_Trabajos_Jurado_Autor" id="DC54509B-E6AB-69D7-31BB-E9B585CD1F95">
<createdBy>casa</createdBy>
<createdTime>2020-03-20 00:01:16 UTC</createdTime>
<ownerDesignName>Investigadores_Grupo</ownerDesignName>
<useDomainConstraints>false</useDomainConstraints>
<use>1</use>
<logicalDatatype>LOGDT011</logicalDatatype>
<ownDataTypeParameters>,,</ownDataTypeParameters>
</Attribute>
<Attribute name="Id_Trabajos_Jurado" id="4BCFD137-1FF1-6451-6254-6547DC741765">
<createdBy>casa</createdBy>
<createdTime>2020-03-20 00:02:03 UTC</createdTime>
<generatorID>9D22AFD0-BF19-6C57-1156-BE51BBEBBDA7</generatorID>
<ownerDesignName>Investigadores_Grupo</ownerDesignName>
<referedAttribute>12DB5202-FBF9-39CD-3438-F927C2A0AAB8</referedAttribute>
<useDomainConstraints>false</useDomainConstraints>
<use>1</use>
<logicalDatatype>LOGDT011</logicalDatatype>
<ownDataTypeParameters>,,</ownDataTypeParameters>
</Attribute>
<Attribute name="Id_Autor" id="F380FD4D-58D4-0B4F-38AC-FB93CCCDE31C">
<createdBy>casa</createdBy>
<createdTime>2020-03-20 00:02:09 UTC</createdTime>
<generatorID>1873203D-960C-69FF-A430-E7616793D17F</generatorID>
<ownerDesignName>Investigadores_Grupo</ownerDesignName>
<referedAttribute>E728160A-FD50-F438-2E14-638A56383EDB</referedAttribute>
<useDomainConstraints>false</useDomainConstraints>
<use>1</use>
<logicalDatatype>LOGDT011</logicalDatatype>
<ownDataTypeParameters>,,</ownDataTypeParameters>
</Attribute>
</attributes>
<identifiers itemClass="oracle.dbtools.crest.model.design.logical.CandidateKey">
<identifier id="D56D9CA4-B045-7361-2311-1CF8364A5AEE" name="Trabajos_Dirigidos_Autor PK">
<createdBy>casa</createdBy>
<createdTime>2020-03-20 00:01:16 UTC</createdTime>
<ownerDesignName>Investigadores_Grupo</ownerDesignName>
<pk>true</pk>
<usedAttributes>
<attributeRef>DC54509B-E6AB-69D7-31BB-E9B585CD1F95</attributeRef>
</usedAttributes>
</identifier>
</identifiers>
</Entity>