<?xml version = '1.0' encoding = 'UTF-8'?>
<Entity class="oracle.dbtools.crest.model.design.logical.Entity" directorySegmentName="seg_0" id="78801408-E4A1-1CF2-0322-A553BA277515" name="Produccion_Tecnica">
<createdBy>casa</createdBy>
<createdTime>2020-03-19 22:51:24 UTC</createdTime>
<ownerDesignName>Investigadores_Grupo</ownerDesignName>
<adequatelyNormalized>NO</adequatelyNormalized>
<expectedVolumes>0</expectedVolumes>
<fwdEngineeringStrategyName>Single Table</fwdEngineeringStrategyName>
<growthPercent>0</growthPercent>
<growthType>Year</growthType>
<maxVolumes>9999999</maxVolumes>
<minVolumes>0</minVolumes>
<normalForm>Third</normalForm>
<attributes itemClass="oracle.dbtools.crest.model.design.logical.Attribute">
<Attribute name="Id_Produccion_Tecnica" id="B0FAC17D-7014-A0A5-655E-A454DA2431A2">
<createdBy>casa</createdBy>
<createdTime>2020-03-19 22:51:24 UTC</createdTime>
<ownerDesignName>Investigadores_Grupo</ownerDesignName>
<useDomainConstraints>false</useDomainConstraints>
<use>1</use>
<logicalDatatype>LOGDT011</logicalDatatype>
<ownDataTypeParameters>,,</ownDataTypeParameters>
</Attribute>
<Attribute name="Nombre" id="692FD1E1-FD46-C47C-1EE9-4D08E27BEB02">
<createdBy>casa</createdBy>
<createdTime>2020-03-19 22:51:24 UTC</createdTime>
<ownerDesignName>Investigadores_Grupo</ownerDesignName>
<useDomainConstraints>false</useDomainConstraints>
<use>1</use>
<logicalDatatype>LOGDT024</logicalDatatype>
<dataTypeSize>500</dataTypeSize>
<ownDataTypeParameters>500,,</ownDataTypeParameters>
</Attribute>
<Attribute name="Resumen" id="8BD861BB-EBAC-57C6-D525-1C15F1A60FAE">
<createdBy>casa</createdBy>
<createdTime>2020-03-19 22:51:24 UTC</createdTime>
<ownerDesignName>Investigadores_Grupo</ownerDesignName>
<nullsAllowed>true</nullsAllowed>
<useDomainConstraints>false</useDomainConstraints>
<use>1</use>
<logicalDatatype>LOGDT024</logicalDatatype>
<dataTypeSize>500</dataTypeSize>
<ownDataTypeParameters>500,,</ownDataTypeParameters>
</Attribute>
</attributes>
<identifiers itemClass="oracle.dbtools.crest.model.design.logical.CandidateKey">
<identifier id="ECAD603B-0ADA-85DC-B615-316EFF79F5F8" name="Articulos_Publicados PK">
<createdBy>casa</createdBy>
<createdTime>2020-03-19 22:51:24 UTC</createdTime>
<ownerDesignName>Investigadores_Grupo</ownerDesignName>
<pk>true</pk>
<usedAttributes>
<attributeRef>B0FAC17D-7014-A0A5-655E-A454DA2431A2</attributeRef>
</usedAttributes>
</identifier>
</identifiers>
</Entity>