<?xml version = '1.0' encoding = 'UTF-8'?>
<Entity class="oracle.dbtools.crest.model.design.logical.Entity" directorySegmentName="seg_0" id="7C9DEAC6-722F-4ECC-AC69-DB83DD25138B" name="Programas_Academicos_Grupo">
<createdBy>casa</createdBy>
<createdTime>2020-03-26 17:42:20 UTC</createdTime>
<ownerDesignName>Investigadores_Grupo</ownerDesignName>
<adequatelyNormalized>NO</adequatelyNormalized>
<expectedVolumes>0</expectedVolumes>
<fwdEngineeringStrategyName>Single Table</fwdEngineeringStrategyName>
<growthPercent>0</growthPercent>
<growthType>Year</growthType>
<maxVolumes>9999999</maxVolumes>
<minVolumes>0</minVolumes>
<normalForm>Third</normalForm>
<attributes itemClass="oracle.dbtools.crest.model.design.logical.Attribute">
<Attribute name="Id_Programas_Academicos_Grupo" id="B5F67ABF-D52B-F44F-D05B-20212D394F42">
<createdBy>casa</createdBy>
<createdTime>2020-03-26 17:43:29 UTC</createdTime>
<ownerDesignName>Investigadores_Grupo</ownerDesignName>
<useDomainConstraints>false</useDomainConstraints>
<use>1</use>
<logicalDatatype>LOGDT011</logicalDatatype>
<ownDataTypeParameters>,,</ownDataTypeParameters>
</Attribute>
<Attribute name="Denominacion_Programa" id="FADB98A9-E4F7-21F8-AC42-906852BC90F2">
<createdBy>casa</createdBy>
<createdTime>2020-03-26 17:43:43 UTC</createdTime>
<ownerDesignName>Investigadores_Grupo</ownerDesignName>
<nullsAllowed>true</nullsAllowed>
<useDomainConstraints>false</useDomainConstraints>
<use>1</use>
<logicalDatatype>LOGDT024</logicalDatatype>
<dataTypeSize>100</dataTypeSize>
<ownDataTypeParameters>100,,</ownDataTypeParameters>
</Attribute>
<Attribute name="Registro_Acreditacion" id="145466EF-4A5F-1629-E639-CB04736E9106">
<createdBy>casa</createdBy>
<createdTime>2020-03-26 17:45:25 UTC</createdTime>
<ownerDesignName>Investigadores_Grupo</ownerDesignName>
<nullsAllowed>true</nullsAllowed>
<useDomainConstraints>false</useDomainConstraints>
<use>1</use>
<logicalDatatype>LOGDT024</logicalDatatype>
<dataTypeSize>100</dataTypeSize>
<ownDataTypeParameters>100,,</ownDataTypeParameters>
</Attribute>
<Attribute name="Fecha_Primer_Corte" id="BA4321BE-0A4E-FD1F-D019-F27AE94FCEB3">
<createdBy>casa</createdBy>
<createdTime>2020-03-26 17:45:45 UTC</createdTime>
<ownerDesignName>Investigadores_Grupo</ownerDesignName>
<nullsAllowed>true</nullsAllowed>
<useDomainConstraints>false</useDomainConstraints>
<use>1</use>
<logicalDatatype>LOGDT007</logicalDatatype>
<ownDataTypeParameters>,,</ownDataTypeParameters>
</Attribute>
</attributes>
<identifiers itemClass="oracle.dbtools.crest.model.design.logical.CandidateKey">
<identifier id="B64FA0B6-3A83-4189-9407-1DF76B772370" name="Programas_Academicos_Grupo PK">
<createdBy>casa</createdBy>
<createdTime>2020-03-26 17:43:41 UTC</createdTime>
<ownerDesignName>Investigadores_Grupo</ownerDesignName>
<pk>true</pk>
<usedAttributes>
<attributeRef>B5F67ABF-D52B-F44F-D05B-20212D394F42</attributeRef>
</usedAttributes>
</identifier>
</identifiers>
</Entity>