<?xml version = '1.0' encoding = 'UTF-8'?>
<Entity class="oracle.dbtools.crest.model.design.logical.Entity" directorySegmentName="seg_0" id="88E0032B-8431-AA53-7A89-B0A7730977CF" name="Linea_Investigacion">
<createdBy>casa</createdBy>
<createdTime>2020-03-19 22:05:16 UTC</createdTime>
<ownerDesignName>Investigadores_Grupo</ownerDesignName>
<adequatelyNormalized>NO</adequatelyNormalized>
<expectedVolumes>0</expectedVolumes>
<fwdEngineeringStrategyName>Single Table</fwdEngineeringStrategyName>
<growthPercent>0</growthPercent>
<growthType>Year</growthType>
<maxVolumes>9999999</maxVolumes>
<minVolumes>0</minVolumes>
<normalForm>Third</normalForm>
<attributes itemClass="oracle.dbtools.crest.model.design.logical.Attribute">
<Attribute name="Id_Linea_Investigacion" id="7564272A-337E-0B91-BB1A-013B23893A6A">
<createdBy>casa</createdBy>
<createdTime>2020-03-19 22:05:28 UTC</createdTime>
<ownerDesignName>Investigadores_Grupo</ownerDesignName>
<useDomainConstraints>false</useDomainConstraints>
<use>1</use>
<logicalDatatype>LOGDT011</logicalDatatype>
<ownDataTypeParameters>,,</ownDataTypeParameters>
</Attribute>
<Attribute name="Nombre_Linea_Investigacion" id="C68FF021-E1BD-B38B-FB16-22F2D46DFA78">
<createdBy>casa</createdBy>
<createdTime>2020-03-19 22:05:45 UTC</createdTime>
<ownerDesignName>Investigadores_Grupo</ownerDesignName>
<nullsAllowed>true</nullsAllowed>
<useDomainConstraints>false</useDomainConstraints>
<use>1</use>
<logicalDatatype>LOGDT024</logicalDatatype>
<dataTypeSize>200</dataTypeSize>
<ownDataTypeParameters>200,,</ownDataTypeParameters>
</Attribute>
<Attribute name="Id_Area_Conocimiento" id="1521CF81-639F-6CA9-C252-AAFE4159CD14">
<createdBy>casa</createdBy>
<createdTime>2020-03-19 23:35:47 UTC</createdTime>
<generatorID>15FC3CC7-48F4-D1A7-D725-8235CA37B471</generatorID>
<ownerDesignName>Investigadores_Grupo</ownerDesignName>
<referedAttribute>9878AD1A-309B-C002-A50A-233879CEE5A6</referedAttribute>
<useDomainConstraints>false</useDomainConstraints>
<use>1</use>
<logicalDatatype>LOGDT011</logicalDatatype>
<ownDataTypeParameters>,,</ownDataTypeParameters>
</Attribute>
</attributes>
<identifiers itemClass="oracle.dbtools.crest.model.design.logical.CandidateKey">
<identifier id="573C6209-7F78-54C5-82A8-56B210A59D02" name="Linea_Investigacion PK">
<createdBy>casa</createdBy>
<createdTime>2020-03-19 22:05:43 UTC</createdTime>
<ownerDesignName>Investigadores_Grupo</ownerDesignName>
<pk>true</pk>
<usedAttributes>
<attributeRef>7564272A-337E-0B91-BB1A-013B23893A6A</attributeRef>
</usedAttributes>
</identifier>
</identifiers>
</Entity>