<?xml version = '1.0' encoding = 'UTF-8'?>
<Entity class="oracle.dbtools.crest.model.design.logical.Entity" directorySegmentName="seg_0" id="8A0AFE3A-EEB1-5ABD-2FA3-4864B196C26B" name="Identificacion_grupo">
<createdBy>casa</createdBy>
<createdTime>2020-03-26 16:53:16 UTC</createdTime>
<ownerDesignName>Investigadores_Grupo</ownerDesignName>
<adequatelyNormalized>NO</adequatelyNormalized>
<expectedVolumes>0</expectedVolumes>
<fwdEngineeringStrategyName>Single Table</fwdEngineeringStrategyName>
<growthPercent>0</growthPercent>
<growthType>Year</growthType>
<maxVolumes>9999999</maxVolumes>
<minVolumes>0</minVolumes>
<normalForm>Third</normalForm>
<attributes itemClass="oracle.dbtools.crest.model.design.logical.Attribute">
<Attribute name="Id_Identificacion_Grupo" id="1F371CD5-34E5-3B14-60B9-977ADF1DEC23">
<createdBy>casa</createdBy>
<createdTime>2020-03-26 16:53:16 UTC</createdTime>
<ownerDesignName>Investigadores_Grupo</ownerDesignName>
<importedID>03BCEFCC-EBBD-F5E5-1B72-09D838BC4B24</importedID>
<useDomainConstraints>false</useDomainConstraints>
<use>1</use>
<logicalDatatype>LOGDT011</logicalDatatype>
<ownDataTypeParameters>,,</ownDataTypeParameters>
</Attribute>
<Attribute name="fecha_conformacion" id="354DEF8F-D276-0B9E-1998-C362CA7BE820">
<createdBy>casa</createdBy>
<createdTime>2020-03-26 16:53:16 UTC</createdTime>
<ownerDesignName>Investigadores_Grupo</ownerDesignName>
<importedID>F1533292-02EB-9E56-40AB-9BFFBD40D29D</importedID>
<nullsAllowed>true</nullsAllowed>
<useDomainConstraints>false</useDomainConstraints>
<use>1</use>
<logicalDatatype>LOGDT007</logicalDatatype>
<ownDataTypeParameters>,,</ownDataTypeParameters>
</Attribute>
<Attribute name="Investigador_Lider" id="234EB34E-4D3A-D8A1-EA15-AA35877E6D49">
<createdBy>casa</createdBy>
<createdTime>2020-03-26 16:53:16 UTC</createdTime>
<ownerDesignName>Investigadores_Grupo</ownerDesignName>
<importedID>A031AAB9-39CB-60E7-A438-63BCACC1F5CD</importedID>
<nullsAllowed>true</nullsAllowed>
<useDomainConstraints>false</useDomainConstraints>
<use>1</use>
<logicalDatatype>LOGDT011</logicalDatatype>
<ownDataTypeParameters>,,</ownDataTypeParameters>
</Attribute>
<Attribute name="Pagina_Web" id="58E4C3B3-2126-64E1-D496-95F292E797A3">
<createdBy>casa</createdBy>
<createdTime>2020-03-26 16:53:16 UTC</createdTime>
<ownerDesignName>Investigadores_Grupo</ownerDesignName>
<importedID>E49C2B21-8EB5-3B7B-EC3A-52C864E5E2A3</importedID>
<nullsAllowed>true</nullsAllowed>
<useDomainConstraints>false</useDomainConstraints>
<use>1</use>
<logicalDatatype>LOGDT024</logicalDatatype>
<dataTypeSize>200</dataTypeSize>
<ownDataTypeParameters>200,,</ownDataTypeParameters>
</Attribute>
<Attribute name="Correo_Electronico" id="5A397262-4FF9-3124-D691-197E3385AB7D">
<createdBy>casa</createdBy>
<createdTime>2020-03-26 16:53:16 UTC</createdTime>
<ownerDesignName>Investigadores_Grupo</ownerDesignName>
<importedID>1485ED80-5A61-A817-6B0F-C7AB033571A3</importedID>
<nullsAllowed>true</nullsAllowed>
<useDomainConstraints>false</useDomainConstraints>
<use>1</use>
<logicalDatatype>LOGDT024</logicalDatatype>
<dataTypeSize>200</dataTypeSize>
<ownDataTypeParameters>200,,</ownDataTypeParameters>
</Attribute>
<Attribute name="Id_Ciudad" id="3ED3F861-26FE-7851-069C-8CE83D16F858">
<createdBy>casa</createdBy>
<createdTime>2020-03-26 16:53:16 UTC</createdTime>
<generatorID>538A2217-2016-63A7-84E6-2E9C41986C23</generatorID>
<ownerDesignName>Investigadores_Grupo</ownerDesignName>
<importedID>8757BCA2-5A4D-F96F-5E9F-58EB85C79D68</importedID>
<referedAttribute>BBB11860-9988-7443-65F8-1E7DA75C1669</referedAttribute>
<useDomainConstraints>false</useDomainConstraints>
<use>1</use>
<logicalDatatype>LOGDT011</logicalDatatype>
<ownDataTypeParameters>,,</ownDataTypeParameters>
</Attribute>
<Attribute name="Id_Estado" id="2A4B5C44-8B61-E7A8-2E1E-E4FEAB0C080E">
<createdBy>casa</createdBy>
<createdTime>2020-03-26 16:53:16 UTC</createdTime>
<generatorID>DB67711E-7A22-BCDA-61DB-40386992E5EB</generatorID>
<ownerDesignName>Investigadores_Grupo</ownerDesignName>
<importedID>955E7E52-D487-B525-34C2-60E8D94F7639</importedID>
<referedAttribute>3DDC7CB4-1DB8-F141-2B16-3F1B2B2F37EA</referedAttribute>
<useDomainConstraints>false</useDomainConstraints>
<use>1</use>
<logicalDatatype>LOGDT011</logicalDatatype>
<ownDataTypeParameters>,,</ownDataTypeParameters>
</Attribute>
<Attribute name="Id_Area_Conocimiento" id="E50A1B6C-40CF-C372-DDA8-4F2CD0F37D32">
<createdBy>casa</createdBy>
<createdTime>2020-03-26 16:57:44 UTC</createdTime>
<generatorID>BDECCC7D-86DE-7941-237E-D9F3E0E867D4</generatorID>
<ownerDesignName>Investigadores_Grupo</ownerDesignName>
<referedAttribute>9878AD1A-309B-C002-A50A-233879CEE5A6</referedAttribute>
<useDomainConstraints>false</useDomainConstraints>
<use>1</use>
<logicalDatatype>LOGDT011</logicalDatatype>
<ownDataTypeParameters>,,</ownDataTypeParameters>
</Attribute>
<Attribute name="Id_Pais" id="242EFC6D-F568-2F98-1357-FBD8351BCBD5">
<createdBy>casa</createdBy>
<createdTime>2020-03-26 19:40:23 UTC</createdTime>
<generatorID>4FF78E22-9523-DA2A-DE30-1FFB797F8E80</generatorID>
<ownerDesignName>Investigadores_Grupo</ownerDesignName>
<referedAttribute>CDB4483A-4016-70F8-5C9E-D5715C916349</referedAttribute>
<useDomainConstraints>false</useDomainConstraints>
<use>1</use>
<logicalDatatype>LOGDT011</logicalDatatype>
<ownDataTypeParameters>,,</ownDataTypeParameters>
</Attribute>
</attributes>
<identifiers itemClass="oracle.dbtools.crest.model.design.logical.CandidateKey">
<identifier id="01446C76-A523-0B36-4DFB-548451B0C869" name="Identificacion_grupo PK">
<createdBy>casa</createdBy>
<createdTime>2020-03-26 16:53:16 UTC</createdTime>
<ownerDesignName>Investigadores_Grupo</ownerDesignName>
<pk>true</pk>
<usedAttributes>
<attributeRef>1F371CD5-34E5-3B14-60B9-977ADF1DEC23</attributeRef>
</usedAttributes>
</identifier>
</identifiers>
</Entity>