<?xml version = '1.0' encoding = 'UTF-8'?>
<Entity class="oracle.dbtools.crest.model.design.logical.Entity" directorySegmentName="seg_0" id="910CF94E-9D2C-E922-3AD8-DC893272F8F6" name="Investigador_Grupo">
<createdBy>casa</createdBy>
<createdTime>2020-03-26 16:53:16 UTC</createdTime>
<ownerDesignName>Investigadores_Grupo</ownerDesignName>
<adequatelyNormalized>NO</adequatelyNormalized>
<expectedVolumes>0</expectedVolumes>
<fwdEngineeringStrategyName>Single Table</fwdEngineeringStrategyName>
<growthPercent>0</growthPercent>
<growthType>Year</growthType>
<maxVolumes>9999999</maxVolumes>
<minVolumes>0</minVolumes>
<normalForm>Third</normalForm>
<attributes itemClass="oracle.dbtools.crest.model.design.logical.Attribute">
<Attribute name="Id_Investigador_Grupo" id="59438C2F-D227-BA36-2529-07F78F163B3C">
<createdBy>casa</createdBy>
<createdTime>2020-03-26 16:53:16 UTC</createdTime>
<ownerDesignName>Investigadores_Grupo</ownerDesignName>
<importedID>B93E1D53-4071-2D6B-F83C-7C20F337DD50</importedID>
<useDomainConstraints>false</useDomainConstraints>
<use>1</use>
<logicalDatatype>LOGDT011</logicalDatatype>
<ownDataTypeParameters>,,</ownDataTypeParameters>
</Attribute>
<Attribute name="Fecha_Vinculacion" id="15162302-6D7B-7864-C3AF-C65269098325">
<createdBy>casa</createdBy>
<createdTime>2020-03-26 16:53:16 UTC</createdTime>
<ownerDesignName>Investigadores_Grupo</ownerDesignName>
<importedID>928A830B-3452-510E-B3E5-584F20069C92</importedID>
<nullsAllowed>true</nullsAllowed>
<useDomainConstraints>false</useDomainConstraints>
<use>1</use>
<logicalDatatype>LOGDT007</logicalDatatype>
<ownDataTypeParameters>,,</ownDataTypeParameters>
</Attribute>
<Attribute name="Id_Historial_Dedicacion" id="73F78025-2175-361B-19B4-D2683ADA4708">
<createdBy>casa</createdBy>
<createdTime>2020-03-26 17:18:02 UTC</createdTime>
<generatorID>1F97BE9E-ED6F-4B47-35F1-872CE697B0F9</generatorID>
<ownerDesignName>Investigadores_Grupo</ownerDesignName>
<referedAttribute>745572A4-E83C-A759-0AEC-C2069E111C56</referedAttribute>
<useDomainConstraints>false</useDomainConstraints>
<use>1</use>
<logicalDatatype>LOGDT011</logicalDatatype>
<ownDataTypeParameters>,,</ownDataTypeParameters>
</Attribute>
<Attribute name="Id_Historial_Conferencias" id="2D14A631-1AB7-CACD-B0CD-2C7D481640CE">
<createdBy>casa</createdBy>
<createdTime>2020-03-26 17:39:57 UTC</createdTime>
<generatorID>B81C2581-1EC0-3000-2D72-C8F3A2F212EB</generatorID>
<ownerDesignName>Investigadores_Grupo</ownerDesignName>
<referedAttribute>5C4B1761-3DDB-74EA-4251-00E9BE0AA19F</referedAttribute>
<useDomainConstraints>false</useDomainConstraints>
<use>1</use>
<logicalDatatype>LOGDT011</logicalDatatype>
<ownDataTypeParameters>,,</ownDataTypeParameters>
</Attribute>
</attributes>
<identifiers itemClass="oracle.dbtools.crest.model.design.logical.CandidateKey">
<identifier id="B4635DB3-F59B-EF2E-1D1A-446A1A058643" name="Investigador_Grupo PK">
<createdBy>casa</createdBy>
<createdTime>2020-03-26 16:53:16 UTC</createdTime>
<ownerDesignName>Investigadores_Grupo</ownerDesignName>
<pk>true</pk>
<usedAttributes>
<attributeRef>59438C2F-D227-BA36-2529-07F78F163B3C</attributeRef>
</usedAttributes>
</identifier>
</identifiers>
</Entity>