<?xml version = '1.0' encoding = 'UTF-8'?>
<Entity class="oracle.dbtools.crest.model.design.logical.Entity" directorySegmentName="seg_0" id="98B9257F-B046-3942-8854-B69E49F85AF4" name="Institucion_Ident_Grupo">
<createdBy>casa</createdBy>
<createdTime>2020-03-26 16:53:16 UTC</createdTime>
<ownerDesignName>Investigadores_Grupo</ownerDesignName>
<adequatelyNormalized>NO</adequatelyNormalized>
<expectedVolumes>0</expectedVolumes>
<fwdEngineeringStrategyName>Single Table</fwdEngineeringStrategyName>
<growthPercent>0</growthPercent>
<growthType>Year</growthType>
<maxVolumes>9999999</maxVolumes>
<minVolumes>0</minVolumes>
<normalForm>Third</normalForm>
<attributes itemClass="oracle.dbtools.crest.model.design.logical.Attribute">
<Attribute name="Id_Institucion_Ident_Grupo" id="0C5F7B08-18A6-92B4-B619-CF420C130F81">
<createdBy>casa</createdBy>
<createdTime>2020-03-26 16:53:16 UTC</createdTime>
<ownerDesignName>Investigadores_Grupo</ownerDesignName>
<importedID>87FD5726-EF0C-631C-7CF7-3FBEE037CB60</importedID>
<useDomainConstraints>false</useDomainConstraints>
<use>1</use>
<logicalDatatype>LOGDT011</logicalDatatype>
<ownDataTypeParameters>,,</ownDataTypeParameters>
</Attribute>
<Attribute name="Id_Identificacion_Grupo" id="D47987FB-BDE8-DA7A-AE6F-C1186F23C367">
<createdBy>casa</createdBy>
<createdTime>2020-03-26 16:53:16 UTC</createdTime>
<generatorID>A7C5DB14-3A44-B189-28AE-68C6452C5809</generatorID>
<ownerDesignName>Investigadores_Grupo</ownerDesignName>
<importedID>77A0788E-D68D-D71A-D4B8-3FE9C525CA5A</importedID>
<referedAttribute>1F371CD5-34E5-3B14-60B9-977ADF1DEC23</referedAttribute>
<useDomainConstraints>false</useDomainConstraints>
<use>1</use>
<logicalDatatype>LOGDT011</logicalDatatype>
<ownDataTypeParameters>,,</ownDataTypeParameters>
</Attribute>
</attributes>
<identifiers itemClass="oracle.dbtools.crest.model.design.logical.CandidateKey">
<identifier id="01012F92-4697-A287-E2CD-F6825FF7E1B2" name="institucion_grupo PK">
<createdBy>casa</createdBy>
<createdTime>2020-03-26 16:53:16 UTC</createdTime>
<ownerDesignName>Investigadores_Grupo</ownerDesignName>
<pk>true</pk>
<usedAttributes>
<attributeRef>0C5F7B08-18A6-92B4-B619-CF420C130F81</attributeRef>
</usedAttributes>
</identifier>
</identifiers>
</Entity>