<?xml version = '1.0' encoding = 'UTF-8'?>
<Entity class="oracle.dbtools.crest.model.design.logical.Entity" directorySegmentName="seg_0" id="99394366-928A-3619-2EA6-FC7F929C1892" name="Linea_Libros">
<createdBy>casa</createdBy>
<createdTime>2020-03-19 23:36:50 UTC</createdTime>
<ownerDesignName>Investigadores_Grupo</ownerDesignName>
<adequatelyNormalized>NO</adequatelyNormalized>
<expectedVolumes>0</expectedVolumes>
<fwdEngineeringStrategyName>Single Table</fwdEngineeringStrategyName>
<growthPercent>0</growthPercent>
<growthType>Year</growthType>
<maxVolumes>9999999</maxVolumes>
<minVolumes>0</minVolumes>
<normalForm>Third</normalForm>
<attributes itemClass="oracle.dbtools.crest.model.design.logical.Attribute">
<Attribute name="Id_Linea_Libros" id="766BCE6E-8BF0-355E-8427-EC3C2F285E31">
<createdBy>casa</createdBy>
<createdTime>2020-03-19 23:36:59 UTC</createdTime>
<ownerDesignName>Investigadores_Grupo</ownerDesignName>
<useDomainConstraints>false</useDomainConstraints>
<use>1</use>
<logicalDatatype>LOGDT011</logicalDatatype>
<ownDataTypeParameters>,,</ownDataTypeParameters>
</Attribute>
<Attribute name="Id_Linea_Investigacion" id="0D6BFD68-DDBE-15DC-AD3E-A7E6DE137807">
<createdBy>casa</createdBy>
<createdTime>2020-03-19 23:37:51 UTC</createdTime>
<generatorID>AE58D90F-5288-AC31-DBB5-A244E99308BF</generatorID>
<ownerDesignName>Investigadores_Grupo</ownerDesignName>
<referedAttribute>7564272A-337E-0B91-BB1A-013B23893A6A</referedAttribute>
<useDomainConstraints>false</useDomainConstraints>
<use>1</use>
<logicalDatatype>LOGDT011</logicalDatatype>
<ownDataTypeParameters>,,</ownDataTypeParameters>
</Attribute>
<Attribute name="Libros_Publicados" id="EC382759-FB60-2432-5ED2-89BC660A8EDC">
<createdBy>casa</createdBy>
<createdTime>2020-03-19 23:38:21 UTC</createdTime>
<generatorID>5E60B8F9-FFCF-9280-160D-C1AF94CF4BE9</generatorID>
<ownerDesignName>Investigadores_Grupo</ownerDesignName>
<referedAttribute>31013D19-86E5-8123-C29D-07B0215FE7BF</referedAttribute>
<useDomainConstraints>false</useDomainConstraints>
<use>1</use>
<logicalDatatype>LOGDT011</logicalDatatype>
<ownDataTypeParameters>,,</ownDataTypeParameters>
</Attribute>
</attributes>
<identifiers itemClass="oracle.dbtools.crest.model.design.logical.CandidateKey">
<identifier id="027E1E70-B9A2-6AC6-6692-ACAAB88F1613" name="Linea_Libros PK">
<createdBy>casa</createdBy>
<createdTime>2020-03-19 23:37:26 UTC</createdTime>
<ownerDesignName>Investigadores_Grupo</ownerDesignName>
<pk>true</pk>
<usedAttributes>
<attributeRef>766BCE6E-8BF0-355E-8427-EC3C2F285E31</attributeRef>
</usedAttributes>
</identifier>
</identifiers>
</Entity>