<?xml version = '1.0' encoding = 'UTF-8'?>
<Entity class="oracle.dbtools.crest.model.design.logical.Entity" directorySegmentName="seg_0" id="99BFB33A-0853-AA7D-84B5-1BC420988F96" name="Tipo_Institucion">
<createdBy>casa</createdBy>
<createdTime>2020-03-19 23:23:28 UTC</createdTime>
<ownerDesignName>Investigadores_Grupo</ownerDesignName>
<adequatelyNormalized>NO</adequatelyNormalized>
<expectedVolumes>0</expectedVolumes>
<fwdEngineeringStrategyName>Single Table</fwdEngineeringStrategyName>
<growthPercent>0</growthPercent>
<growthType>Year</growthType>
<maxVolumes>9999999</maxVolumes>
<minVolumes>0</minVolumes>
<normalForm>Third</normalForm>
<attributes itemClass="oracle.dbtools.crest.model.design.logical.Attribute">
<Attribute name="Id_Tipo_Institucion" id="44FB99A3-A61F-69EC-54F4-9E4E0B468234">
<createdBy>casa</createdBy>
<createdTime>2020-03-19 23:28:25 UTC</createdTime>
<ownerDesignName>Investigadores_Grupo</ownerDesignName>
<useDomainConstraints>false</useDomainConstraints>
<use>1</use>
<logicalDatatype>LOGDT011</logicalDatatype>
<ownDataTypeParameters>,,</ownDataTypeParameters>
</Attribute>
<Attribute name="Descripcion" id="D1F7D2E9-662F-EE19-E896-0161665350FB">
<createdBy>casa</createdBy>
<createdTime>2020-03-19 23:29:00 UTC</createdTime>
<ownerDesignName>Investigadores_Grupo</ownerDesignName>
<nullsAllowed>true</nullsAllowed>
<useDomainConstraints>false</useDomainConstraints>
<use>1</use>
<logicalDatatype>LOGDT024</logicalDatatype>
<dataTypeSize>25</dataTypeSize>
<ownDataTypeParameters>25,,</ownDataTypeParameters>
</Attribute>
</attributes>
<identifiers itemClass="oracle.dbtools.crest.model.design.logical.CandidateKey">
<identifier id="50600805-AEA8-AF4D-1AFD-D0D299391079" name="Tipo_Institucion PK">
<createdBy>casa</createdBy>
<createdTime>2020-03-19 23:28:36 UTC</createdTime>
<ownerDesignName>Investigadores_Grupo</ownerDesignName>
<pk>true</pk>
<usedAttributes>
<attributeRef>44FB99A3-A61F-69EC-54F4-9E4E0B468234</attributeRef>
</usedAttributes>
</identifier>
</identifiers>
</Entity>