<?xml version = '1.0' encoding = 'UTF-8'?>
<Entity class="oracle.dbtools.crest.model.design.logical.Entity" directorySegmentName="seg_0" id="9BD0773F-B693-8987-B839-F3E297C0132F" name="Linea_Prod_Tecnica">
<createdBy>casa</createdBy>
<createdTime>2020-03-19 23:19:29 UTC</createdTime>
<ownerDesignName>Investigadores_Grupo</ownerDesignName>
<adequatelyNormalized>NO</adequatelyNormalized>
<expectedVolumes>0</expectedVolumes>
<fwdEngineeringStrategyName>Single Table</fwdEngineeringStrategyName>
<growthPercent>0</growthPercent>
<growthType>Year</growthType>
<maxVolumes>9999999</maxVolumes>
<minVolumes>0</minVolumes>
<normalForm>Third</normalForm>
<attributes itemClass="oracle.dbtools.crest.model.design.logical.Attribute">
<Attribute name="Id_Linea_Prod_Tecnica" id="9295186B-1E6C-7747-697F-EF04B81F0372">
<createdBy>casa</createdBy>
<createdTime>2020-03-19 23:19:29 UTC</createdTime>
<ownerDesignName>Investigadores_Grupo</ownerDesignName>
<useDomainConstraints>false</useDomainConstraints>
<use>1</use>
<logicalDatatype>LOGDT011</logicalDatatype>
<ownDataTypeParameters>,,</ownDataTypeParameters>
</Attribute>
<Attribute name="Id_Linea_Investigacion" id="8B17FCFA-9317-A1B1-AEBA-3B32963F69BC">
<createdBy>casa</createdBy>
<createdTime>2020-03-19 23:20:11 UTC</createdTime>
<generatorID>B2EFCA6C-3D3C-1855-ED5D-FA48A9FA3510</generatorID>
<ownerDesignName>Investigadores_Grupo</ownerDesignName>
<referedAttribute>7564272A-337E-0B91-BB1A-013B23893A6A</referedAttribute>
<useDomainConstraints>false</useDomainConstraints>
<use>1</use>
<logicalDatatype>LOGDT011</logicalDatatype>
<ownDataTypeParameters>,,</ownDataTypeParameters>
</Attribute>
<Attribute name="Id_Produccion_Tecnica" id="A4896865-BD8F-9463-CAA7-7AFB663D3DF2">
<createdBy>casa</createdBy>
<createdTime>2020-03-19 23:20:23 UTC</createdTime>
<generatorID>3F0C72B0-735E-6F09-C484-8609F6132397</generatorID>
<ownerDesignName>Investigadores_Grupo</ownerDesignName>
<referedAttribute>B0FAC17D-7014-A0A5-655E-A454DA2431A2</referedAttribute>
<useDomainConstraints>false</useDomainConstraints>
<use>1</use>
<logicalDatatype>LOGDT011</logicalDatatype>
<ownDataTypeParameters>,,</ownDataTypeParameters>
</Attribute>
</attributes>
<identifiers itemClass="oracle.dbtools.crest.model.design.logical.CandidateKey">
<identifier id="84833DB5-9D5A-199D-D2EC-22B05B0EBD33" name="Linea_Prod_Arte PK">
<createdBy>casa</createdBy>
<createdTime>2020-03-19 23:19:29 UTC</createdTime>
<ownerDesignName>Investigadores_Grupo</ownerDesignName>
<pk>true</pk>
<usedAttributes>
<attributeRef>9295186B-1E6C-7747-697F-EF04B81F0372</attributeRef>
</usedAttributes>
</identifier>
</identifiers>
</Entity>