<?xml version = '1.0' encoding = 'UTF-8'?>
<Entity class="oracle.dbtools.crest.model.design.logical.Entity" directorySegmentName="seg_0" id="A4A736FF-EA65-AE12-F440-E557A851A92A" name="Docente_Institucion">
<createdBy>casa</createdBy>
<createdTime>2020-03-19 22:18:03 UTC</createdTime>
<ownerDesignName>Investigadores_Grupo</ownerDesignName>
<adequatelyNormalized>NO</adequatelyNormalized>
<expectedVolumes>0</expectedVolumes>
<fwdEngineeringStrategyName>Single Table</fwdEngineeringStrategyName>
<growthPercent>0</growthPercent>
<growthType>Year</growthType>
<maxVolumes>9999999</maxVolumes>
<minVolumes>0</minVolumes>
<normalForm>Third</normalForm>
<attributes itemClass="oracle.dbtools.crest.model.design.logical.Attribute">
<Attribute name="Id_Docente_Institucion" id="F50D297F-8B70-A934-3D84-AF840E721D6D">
<createdBy>casa</createdBy>
<createdTime>2020-03-19 22:18:28 UTC</createdTime>
<ownerDesignName>Investigadores_Grupo</ownerDesignName>
<useDomainConstraints>false</useDomainConstraints>
<use>1</use>
<logicalDatatype>LOGDT011</logicalDatatype>
<ownDataTypeParameters>,,</ownDataTypeParameters>
</Attribute>
<Attribute name="Id_Historial_Laboral_Docente" id="7220D807-35DE-ABE3-8402-A674E543BB96">
<createdBy>oracle</createdBy>
<createdTime>2020-03-25 22:47:46 UTC</createdTime>
<generatorID>6F0B5EA0-A852-9406-06F7-5C66B6908975</generatorID>
<ownerDesignName>Investigadores_Grupo</ownerDesignName>
<referedAttribute>458D0B83-A6FE-FE09-F8D9-039F79542D2E</referedAttribute>
<useDomainConstraints>false</useDomainConstraints>
<use>1</use>
<logicalDatatype>LOGDT011</logicalDatatype>
<ownDataTypeParameters>,,</ownDataTypeParameters>
</Attribute>
</attributes>
<identifiers itemClass="oracle.dbtools.crest.model.design.logical.CandidateKey">
<identifier id="EEC45C95-A1F9-73AB-77DB-1C216B50A2C5" name="Docente_Institucion PK">
<createdBy>casa</createdBy>
<createdTime>2020-03-19 22:18:39 UTC</createdTime>
<ownerDesignName>Investigadores_Grupo</ownerDesignName>
<pk>true</pk>
<usedAttributes>
<attributeRef>F50D297F-8B70-A934-3D84-AF840E721D6D</attributeRef>
</usedAttributes>
</identifier>
</identifiers>
</Entity>