<?xml version = '1.0' encoding = 'UTF-8'?>
<Entity class="oracle.dbtools.crest.model.design.logical.Entity" directorySegmentName="seg_0" id="B1E7FB30-41C6-E1C0-8316-0E2C4652E887" name="Trabajos_Dirigidos">
<createdBy>casa</createdBy>
<createdTime>2020-03-19 22:23:25 UTC</createdTime>
<ownerDesignName>Investigadores_Grupo</ownerDesignName>
<adequatelyNormalized>NO</adequatelyNormalized>
<expectedVolumes>0</expectedVolumes>
<fwdEngineeringStrategyName>Single Table</fwdEngineeringStrategyName>
<growthPercent>0</growthPercent>
<growthType>Year</growthType>
<maxVolumes>9999999</maxVolumes>
<minVolumes>0</minVolumes>
<normalForm>Third</normalForm>
<attributes itemClass="oracle.dbtools.crest.model.design.logical.Attribute">
<Attribute name="Id_Trabajos_Dirigidos" id="090C1B4E-1BC4-078E-35FF-E2642F0C4575">
<createdBy>casa</createdBy>
<createdTime>2020-03-19 22:23:41 UTC</createdTime>
<ownerDesignName>Investigadores_Grupo</ownerDesignName>
<useDomainConstraints>false</useDomainConstraints>
<use>1</use>
<logicalDatatype>LOGDT011</logicalDatatype>
<ownDataTypeParameters>,,</ownDataTypeParameters>
</Attribute>
<Attribute name="Titulo_trabajo" id="112AF449-77FE-3B98-5610-35F51C476AFF">
<createdBy>casa</createdBy>
<createdTime>2020-03-19 22:24:21 UTC</createdTime>
<ownerDesignName>Investigadores_Grupo</ownerDesignName>
<nullsAllowed>true</nullsAllowed>
<useDomainConstraints>false</useDomainConstraints>
<use>1</use>
<logicalDatatype>LOGDT024</logicalDatatype>
<ownDataTypeParameters>,,</ownDataTypeParameters>
</Attribute>
<Attribute name="Fecha_inicio" id="370F89AB-FA36-C367-D0F2-AD487082169D">
<createdBy>casa</createdBy>
<createdTime>2020-03-19 22:24:37 UTC</createdTime>
<ownerDesignName>Investigadores_Grupo</ownerDesignName>
<nullsAllowed>true</nullsAllowed>
<useDomainConstraints>false</useDomainConstraints>
<use>1</use>
<logicalDatatype>LOGDT007</logicalDatatype>
<ownDataTypeParameters>,,</ownDataTypeParameters>
</Attribute>
<Attribute name="Fecha_Fin" id="57D24F9A-A7CB-EDBE-86CD-123C656D4B94">
<createdBy>casa</createdBy>
<createdTime>2020-03-19 22:24:48 UTC</createdTime>
<ownerDesignName>Investigadores_Grupo</ownerDesignName>
<nullsAllowed>true</nullsAllowed>
<useDomainConstraints>false</useDomainConstraints>
<use>1</use>
<logicalDatatype>LOGDT007</logicalDatatype>
<ownDataTypeParameters>,,</ownDataTypeParameters>
</Attribute>
</attributes>
<identifiers itemClass="oracle.dbtools.crest.model.design.logical.CandidateKey">
<identifier id="6C01A1F7-9F29-2DF5-F2B8-B8127796DE39" name="Trabajos_Dirigidos PK">
<createdBy>casa</createdBy>
<createdTime>2020-03-19 22:24:06 UTC</createdTime>
<ownerDesignName>Investigadores_Grupo</ownerDesignName>
<pk>true</pk>
<usedAttributes>
<attributeRef>090C1B4E-1BC4-078E-35FF-E2642F0C4575</attributeRef>
</usedAttributes>
</identifier>
</identifiers>
</Entity>