<?xml version = '1.0' encoding = 'UTF-8'?>
<Entity class="oracle.dbtools.crest.model.design.logical.Entity" directorySegmentName="seg_0" id="C019879D-4C50-8C09-071D-5BF9698C8C38" name="Curso_Programa_Academico">
<createdBy>casa</createdBy>
<createdTime>2020-03-26 18:03:34 UTC</createdTime>
<ownerDesignName>Investigadores_Grupo</ownerDesignName>
<adequatelyNormalized>NO</adequatelyNormalized>
<expectedVolumes>0</expectedVolumes>
<fwdEngineeringStrategyName>Single Table</fwdEngineeringStrategyName>
<growthPercent>0</growthPercent>
<growthType>Year</growthType>
<maxVolumes>9999999</maxVolumes>
<minVolumes>0</minVolumes>
<normalForm>Third</normalForm>
<attributes itemClass="oracle.dbtools.crest.model.design.logical.Attribute">
<Attribute name="Id_Curso_Programa_Academico" id="EE456112-4558-08FF-0213-D2C79B79DD95">
<createdBy>casa</createdBy>
<createdTime>2020-03-26 18:03:52 UTC</createdTime>
<ownerDesignName>Investigadores_Grupo</ownerDesignName>
<useDomainConstraints>false</useDomainConstraints>
<use>1</use>
<logicalDatatype>LOGDT011</logicalDatatype>
<ownDataTypeParameters>,,</ownDataTypeParameters>
</Attribute>
<Attribute name="Denominacion_Prog_Academico" id="7171A1BF-CB33-03B0-43B3-4E8E4BD470F7">
<createdBy>casa</createdBy>
<createdTime>2020-03-26 18:04:03 UTC</createdTime>
<ownerDesignName>Investigadores_Grupo</ownerDesignName>
<nullsAllowed>true</nullsAllowed>
<useDomainConstraints>false</useDomainConstraints>
<use>1</use>
<logicalDatatype>LOGDT024</logicalDatatype>
<dataTypeSize>100</dataTypeSize>
<ownDataTypeParameters>100,,</ownDataTypeParameters>
</Attribute>
<Attribute name="Nombre_Curso" id="85E494C4-C162-4150-70E1-B56751AC7C07">
<createdBy>casa</createdBy>
<createdTime>2020-03-26 18:05:29 UTC</createdTime>
<ownerDesignName>Investigadores_Grupo</ownerDesignName>
<nullsAllowed>true</nullsAllowed>
<useDomainConstraints>false</useDomainConstraints>
<use>1</use>
<logicalDatatype>LOGDT024</logicalDatatype>
<dataTypeSize>250</dataTypeSize>
<ownDataTypeParameters>250,,</ownDataTypeParameters>
</Attribute>
<Attribute name="Id_Tipo_Programa" id="C57D6C75-7179-2F1E-EE08-0900AB9D7205">
<createdBy>casa</createdBy>
<createdTime>2020-03-26 19:09:03 UTC</createdTime>
<generatorID>1817FD46-55B7-DDD7-0919-327C9CFE9C97</generatorID>
<ownerDesignName>Investigadores_Grupo</ownerDesignName>
<referedAttribute>A727E94A-AD55-D37F-E252-7B17C1A79504</referedAttribute>
<useDomainConstraints>false</useDomainConstraints>
<use>1</use>
<logicalDatatype>LOGDT011</logicalDatatype>
<ownDataTypeParameters>,,</ownDataTypeParameters>
</Attribute>
<Attribute name="Id_Area_Conocimiento" id="64C18822-6478-6B45-1C1A-DF41920DA2B3">
<createdBy>casa</createdBy>
<createdTime>2020-03-26 19:09:58 UTC</createdTime>
<generatorID>2535314E-6D2A-1B40-499E-52A388176765</generatorID>
<ownerDesignName>Investigadores_Grupo</ownerDesignName>
<referedAttribute>9878AD1A-309B-C002-A50A-233879CEE5A6</referedAttribute>
<useDomainConstraints>false</useDomainConstraints>
<use>1</use>
<logicalDatatype>LOGDT011</logicalDatatype>
<ownDataTypeParameters>,,</ownDataTypeParameters>
</Attribute>
</attributes>
<identifiers itemClass="oracle.dbtools.crest.model.design.logical.CandidateKey">
<identifier id="583C595A-E992-2DCE-079E-CFD959244937" name="Curso_Programa_Academico PK">
<createdBy>casa</createdBy>
<createdTime>2020-03-26 18:04:02 UTC</createdTime>
<ownerDesignName>Investigadores_Grupo</ownerDesignName>
<pk>true</pk>
<usedAttributes>
<attributeRef>EE456112-4558-08FF-0213-D2C79B79DD95</attributeRef>
</usedAttributes>
</identifier>
</identifiers>
</Entity>