<?xml version = '1.0' encoding = 'UTF-8'?>
<Entity class="oracle.dbtools.crest.model.design.logical.Entity" directorySegmentName="seg_0" id="D0BCCD7A-517E-169A-E5BB-CE7B02160738" name="Linea_Trabajos_Dirigidos">
<createdBy>casa</createdBy>
<createdTime>2020-03-19 23:45:28 UTC</createdTime>
<ownerDesignName>Investigadores_Grupo</ownerDesignName>
<adequatelyNormalized>NO</adequatelyNormalized>
<expectedVolumes>0</expectedVolumes>
<fwdEngineeringStrategyName>Single Table</fwdEngineeringStrategyName>
<growthPercent>0</growthPercent>
<growthType>Year</growthType>
<maxVolumes>9999999</maxVolumes>
<minVolumes>0</minVolumes>
<normalForm>Third</normalForm>
<attributes itemClass="oracle.dbtools.crest.model.design.logical.Attribute">
<Attribute name="Id_Linea_Trabajos_Dirigidos" id="DC8CD679-5CA4-6CDC-ECCF-5731607F1550">
<createdBy>casa</createdBy>
<createdTime>2020-03-19 23:45:28 UTC</createdTime>
<ownerDesignName>Investigadores_Grupo</ownerDesignName>
<useDomainConstraints>false</useDomainConstraints>
<use>1</use>
<logicalDatatype>LOGDT011</logicalDatatype>
<ownDataTypeParameters>,,</ownDataTypeParameters>
</Attribute>
<Attribute name="Id_Linea_Investigacion" id="F8C3368C-6367-1CA0-93DA-71230C266D8A">
<createdBy>casa</createdBy>
<createdTime>2020-03-19 23:46:20 UTC</createdTime>
<generatorID>FAA76ACE-D3DE-F0BB-EBE0-F09167196560</generatorID>
<ownerDesignName>Investigadores_Grupo</ownerDesignName>
<referedAttribute>7564272A-337E-0B91-BB1A-013B23893A6A</referedAttribute>
<useDomainConstraints>false</useDomainConstraints>
<use>1</use>
<logicalDatatype>LOGDT011</logicalDatatype>
<ownDataTypeParameters>,,</ownDataTypeParameters>
</Attribute>
<Attribute name="Id_Trabajos_Dirigidos" id="A4FAE88B-4140-92D4-4BB5-F5F5114942EF">
<createdBy>casa</createdBy>
<createdTime>2020-03-19 23:46:25 UTC</createdTime>
<generatorID>FD4FA242-6F42-153B-3F6F-DB9EC9D8A9F5</generatorID>
<ownerDesignName>Investigadores_Grupo</ownerDesignName>
<referedAttribute>090C1B4E-1BC4-078E-35FF-E2642F0C4575</referedAttribute>
<useDomainConstraints>false</useDomainConstraints>
<use>1</use>
<logicalDatatype>LOGDT011</logicalDatatype>
<ownDataTypeParameters>,,</ownDataTypeParameters>
</Attribute>
</attributes>
<identifiers itemClass="oracle.dbtools.crest.model.design.logical.CandidateKey">
<identifier id="C4C3E327-E16C-AEAA-BB3A-DD41A70E8BE4" name="Linea_Libros PK">
<createdBy>casa</createdBy>
<createdTime>2020-03-19 23:45:28 UTC</createdTime>
<ownerDesignName>Investigadores_Grupo</ownerDesignName>
<pk>true</pk>
<usedAttributes>
<attributeRef>DC8CD679-5CA4-6CDC-ECCF-5731607F1550</attributeRef>
</usedAttributes>
</identifier>
</identifiers>
</Entity>