<?xml version = '1.0' encoding = 'UTF-8'?>
<Entity class="oracle.dbtools.crest.model.design.logical.Entity" directorySegmentName="seg_0" id="D2F3148C-D08D-89A1-D3C7-849510FE2076" name="Historial_Laboral_Docente">
<createdBy>casa</createdBy>
<createdTime>2020-03-19 22:07:13 UTC</createdTime>
<ownerDesignName>Investigadores_Grupo</ownerDesignName>
<adequatelyNormalized>NO</adequatelyNormalized>
<expectedVolumes>0</expectedVolumes>
<fwdEngineeringStrategyName>Single Table</fwdEngineeringStrategyName>
<growthPercent>0</growthPercent>
<growthType>Year</growthType>
<maxVolumes>9999999</maxVolumes>
<minVolumes>0</minVolumes>
<normalForm>Third</normalForm>
<attributes itemClass="oracle.dbtools.crest.model.design.logical.Attribute">
<Attribute name="Id_Historial_Laboral_Docente" id="458D0B83-A6FE-FE09-F8D9-039F79542D2E">
<createdBy>casa</createdBy>
<createdTime>2020-03-19 22:07:28 UTC</createdTime>
<ownerDesignName>Investigadores_Grupo</ownerDesignName>
<useDomainConstraints>false</useDomainConstraints>
<use>1</use>
<logicalDatatype>LOGDT011</logicalDatatype>
<ownDataTypeParameters>,,</ownDataTypeParameters>
</Attribute>
<Attribute name="Fecha_Inicio" id="BB748DD4-10FA-E8D2-2B9F-B03E45E801CC">
<createdBy>casa</createdBy>
<createdTime>2020-03-19 22:07:59 UTC</createdTime>
<ownerDesignName>Investigadores_Grupo</ownerDesignName>
<nullsAllowed>true</nullsAllowed>
<useDomainConstraints>false</useDomainConstraints>
<use>1</use>
<logicalDatatype>LOGDT007</logicalDatatype>
<ownDataTypeParameters>,,</ownDataTypeParameters>
</Attribute>
<Attribute name="Fecha_Finalizacion" id="33961148-CF02-86D7-E718-741641DB9784">
<createdBy>casa</createdBy>
<createdTime>2020-03-19 22:08:11 UTC</createdTime>
<ownerDesignName>Investigadores_Grupo</ownerDesignName>
<nullsAllowed>true</nullsAllowed>
<useDomainConstraints>false</useDomainConstraints>
<use>1</use>
<logicalDatatype>LOGDT007</logicalDatatype>
<ownDataTypeParameters>,,</ownDataTypeParameters>
</Attribute>
<Attribute name="Id_Asignatura" id="395E79CE-0991-8699-8E1E-A07B63EEAED4">
<createdBy>oracle</createdBy>
<createdTime>2020-03-25 22:46:04 UTC</createdTime>
<generatorID>0E916D7F-435D-7196-F3C0-367268DC498E</generatorID>
<ownerDesignName>Investigadores_Grupo</ownerDesignName>
<referedAttribute>5CB1C851-8604-0E3E-0F2F-1845A9E98D21</referedAttribute>
<useDomainConstraints>false</useDomainConstraints>
<use>1</use>
<logicalDatatype>LOGDT011</logicalDatatype>
<ownDataTypeParameters>,,</ownDataTypeParameters>
</Attribute>
<Attribute name="Id_Dedicacion" id="2ED0EA44-2B13-DB7A-69E9-738FC2498F96">
<createdBy>oracle</createdBy>
<createdTime>2020-03-25 22:46:22 UTC</createdTime>
<generatorID>D2842F9D-3ED9-A629-D896-341B0B01ABAF</generatorID>
<ownerDesignName>Investigadores_Grupo</ownerDesignName>
<referedAttribute>34ABA5FE-CE79-BF11-1BA6-2888A1F605FD</referedAttribute>
<useDomainConstraints>false</useDomainConstraints>
<use>1</use>
<logicalDatatype>LOGDT011</logicalDatatype>
<ownDataTypeParameters>,,</ownDataTypeParameters>
</Attribute>
</attributes>
<identifiers itemClass="oracle.dbtools.crest.model.design.logical.CandidateKey">
<identifier id="FE73885F-A358-4F5B-0D50-8D667E7FE3A6" name="Historial_Laboral_Docente PK">
<createdBy>casa</createdBy>
<createdTime>2020-03-19 22:07:39 UTC</createdTime>
<ownerDesignName>Investigadores_Grupo</ownerDesignName>
<pk>true</pk>
<usedAttributes>
<attributeRef>458D0B83-A6FE-FE09-F8D9-039F79542D2E</attributeRef>
</usedAttributes>
</identifier>
</identifiers>
</Entity>