<?xml version = '1.0' encoding = 'UTF-8'?>
<Entity class="oracle.dbtools.crest.model.design.logical.Entity" directorySegmentName="seg_0" id="DF89DFEF-EE9A-9C75-78FE-D1831E50C926" name="Libreta_Militar">
<createdBy>casa</createdBy>
<createdTime>2020-03-19 21:29:23 UTC</createdTime>
<ownerDesignName>Investigadores_Grupo</ownerDesignName>
<adequatelyNormalized>NO</adequatelyNormalized>
<expectedVolumes>0</expectedVolumes>
<fwdEngineeringStrategyName>Single Table</fwdEngineeringStrategyName>
<growthPercent>0</growthPercent>
<growthType>Year</growthType>
<maxVolumes>9999999</maxVolumes>
<minVolumes>0</minVolumes>
<normalForm>Third</normalForm>
<attributes itemClass="oracle.dbtools.crest.model.design.logical.Attribute">
<Attribute name="Id_Libreta_Militar" id="8014C578-1466-828E-41D3-DA78D2FF08E1">
<createdBy>casa</createdBy>
<createdTime>2020-03-19 21:29:41 UTC</createdTime>
<ownerDesignName>Investigadores_Grupo</ownerDesignName>
<useDomainConstraints>false</useDomainConstraints>
<use>1</use>
<logicalDatatype>LOGDT011</logicalDatatype>
<ownDataTypeParameters>,,</ownDataTypeParameters>
</Attribute>
<Attribute name="Numero_Libreta" id="EA2322C5-756E-17C0-A3D5-96CD51584ED6">
<createdBy>casa</createdBy>
<createdTime>2020-03-19 21:30:09 UTC</createdTime>
<ownerDesignName>Investigadores_Grupo</ownerDesignName>
<nullsAllowed>true</nullsAllowed>
<useDomainConstraints>false</useDomainConstraints>
<use>1</use>
<logicalDatatype>LOGDT011</logicalDatatype>
<ownDataTypeParameters>,,</ownDataTypeParameters>
</Attribute>
<Attribute name="Id_Clase_Libreta" id="60E92250-3035-3DE6-CED9-69CC0B373F58">
<createdBy>casa</createdBy>
<createdTime>2020-03-26 19:35:25 UTC</createdTime>
<generatorID>CDF1F2A2-0D40-DC12-9106-2FA1682CDDB0</generatorID>
<ownerDesignName>Investigadores_Grupo</ownerDesignName>
<referedAttribute>71E9CC5E-9F94-1C0F-D7BD-BB557CABA959</referedAttribute>
<useDomainConstraints>false</useDomainConstraints>
<use>1</use>
<logicalDatatype>LOGDT011</logicalDatatype>
<ownDataTypeParameters>,,</ownDataTypeParameters>
</Attribute>
</attributes>
<identifiers itemClass="oracle.dbtools.crest.model.design.logical.CandidateKey">
<identifier id="79334D8B-91DD-E3DD-B483-FA23CDBD79D1" name="Libreta_Militar PK">
<createdBy>casa</createdBy>
<createdTime>2020-03-19 21:30:06 UTC</createdTime>
<ownerDesignName>Investigadores_Grupo</ownerDesignName>
<pk>true</pk>
<usedAttributes>
<attributeRef>8014C578-1466-828E-41D3-DA78D2FF08E1</attributeRef>
</usedAttributes>
</identifier>
</identifiers>
</Entity>