<?xml version = '1.0' encoding = 'UTF-8'?>
<Entity class="oracle.dbtools.crest.model.design.logical.Entity" directorySegmentName="seg_0" id="F3A80B2C-AF16-209E-4390-1E3888724D40" name="Programa_Asignatura">
<createdBy>casa</createdBy>
<createdTime>2020-03-19 22:12:32 UTC</createdTime>
<ownerDesignName>Investigadores_Grupo</ownerDesignName>
<adequatelyNormalized>NO</adequatelyNormalized>
<expectedVolumes>0</expectedVolumes>
<fwdEngineeringStrategyName>Single Table</fwdEngineeringStrategyName>
<growthPercent>0</growthPercent>
<growthType>Year</growthType>
<maxVolumes>9999999</maxVolumes>
<minVolumes>0</minVolumes>
<normalForm>Third</normalForm>
<attributes itemClass="oracle.dbtools.crest.model.design.logical.Attribute">
<Attribute name="Id_Programa_Asignatura" id="B2CC3BDE-800E-B175-A109-877ACAA8E783">
<createdBy>casa</createdBy>
<createdTime>2020-03-19 22:12:43 UTC</createdTime>
<ownerDesignName>Investigadores_Grupo</ownerDesignName>
<useDomainConstraints>false</useDomainConstraints>
<use>1</use>
<logicalDatatype>LOGDT011</logicalDatatype>
<ownDataTypeParameters>,,</ownDataTypeParameters>
</Attribute>
<Attribute name="Id_Programa_Academico" id="2F09418E-D3FC-B519-BD0F-FCF199B180E5">
<createdBy>oracle</createdBy>
<createdTime>2020-03-25 22:40:05 UTC</createdTime>
<generatorID>6FC66528-107D-BE2B-C488-F4998D876505</generatorID>
<ownerDesignName>Investigadores_Grupo</ownerDesignName>
<referedAttribute>4FAA2FB6-DAC6-D054-E947-A5787F3A0F39</referedAttribute>
<useDomainConstraints>false</useDomainConstraints>
<use>1</use>
<logicalDatatype>LOGDT011</logicalDatatype>
<ownDataTypeParameters>,,</ownDataTypeParameters>
</Attribute>
<Attribute name="Id_Asignatura" id="EB1C5B1B-0402-609A-B531-FA5CBD92F549">
<createdBy>oracle</createdBy>
<createdTime>2020-03-25 22:40:43 UTC</createdTime>
<generatorID>577E80C7-D5F8-3430-0370-1802D7FFC654</generatorID>
<ownerDesignName>Investigadores_Grupo</ownerDesignName>
<referedAttribute>5CB1C851-8604-0E3E-0F2F-1845A9E98D21</referedAttribute>
<useDomainConstraints>false</useDomainConstraints>
<use>1</use>
<logicalDatatype>LOGDT011</logicalDatatype>
<ownDataTypeParameters>,,</ownDataTypeParameters>
</Attribute>
</attributes>
<identifiers itemClass="oracle.dbtools.crest.model.design.logical.CandidateKey">
<identifier id="9EA0D0FD-B2FF-5A23-BCBB-580107F07FBB" name="Programa_Asignatura PK">
<createdBy>casa</createdBy>
<createdTime>2020-03-19 22:12:51 UTC</createdTime>
<ownerDesignName>Investigadores_Grupo</ownerDesignName>
<pk>true</pk>
<usedAttributes>
<attributeRef>B2CC3BDE-800E-B175-A109-877ACAA8E783</attributeRef>
</usedAttributes>
</identifier>
</identifiers>
</Entity>