<?xml version = '1.0' encoding = 'UTF-8'?>
<Relation class="oracle.dbtools.crest.model.design.logical.Relation" name="Institucion_Inst_Maestria" directorySegmentName="seg_1" id="209FF06C-79CA-4464-507E-FA4F1B36240A">
<createdBy>oracle</createdBy>
<createdTime>2020-03-25 23:27:46 UTC</createdTime>
<ownerDesignName>Investigadores_Grupo</ownerDesignName>
<identifying>false</identifying>
<optionalSource>true</optionalSource>
<optionalTarget>false</optionalTarget>
<sourceCardinality>1</sourceCardinality>
<sourceEntity>B010327E-2821-4D38-9C51-5F584BD67CF3</sourceEntity>
<targetCardinalityString>*</targetCardinalityString>
<targetEntity>03B72D85-BB76-ACB4-A08C-11C2134935A5</targetEntity>
<transferable>true</transferable>
<deleteRule>NO ACTION</deleteRule>
</Relation>