<?xml version = '1.0' encoding = 'UTF-8'?>
<Relation class="oracle.dbtools.crest.model.design.logical.Relation" name="Nacionalidad_Identificacion_Inv" directorySegmentName="seg_1" id="36E93706-EDF5-4ED9-8DF7-A9E5717E3C84">
<createdBy>oracle</createdBy>
<createdTime>2020-03-25 18:43:46 UTC</createdTime>
<ownerDesignName>Investigadores_Grupo</ownerDesignName>
<sourcePk>F3C7064C-7F93-9564-0D8B-3D188BD22291</sourcePk>
<identifying>false</identifying>
<optionalSource>true</optionalSource>
<optionalTarget>false</optionalTarget>
<sourceCardinality>1</sourceCardinality>
<sourceEntity>1FE040A7-1EC4-26BE-3A98-F6E68F97026C</sourceEntity>
<targetCardinalityString>*</targetCardinalityString>
<targetEntity>7E93FE77-4CA8-B0E5-3EFA-DDD56A02E07D</targetEntity>
<transferable>true</transferable>
<deleteRule>NO ACTION</deleteRule>
</Relation>