<?xml version = '1.0' encoding = 'UTF-8'?>
<Relation class="oracle.dbtools.crest.model.design.logical.Relation" name="Historial_Lab_Lab_Institucion" directorySegmentName="seg_1" id="3BB506A5-BF62-4762-1009-7B49B49B082A">
<createdBy>oracle</createdBy>
<createdTime>2020-03-25 22:49:31 UTC</createdTime>
<ownerDesignName>Investigadores_Grupo</ownerDesignName>
<sourcePk>E07870A3-B0A0-128E-D7E1-375DDE998746</sourcePk>
<identifying>false</identifying>
<optionalSource>true</optionalSource>
<optionalTarget>false</optionalTarget>
<sourceCardinality>1</sourceCardinality>
<sourceEntity>18E8AF24-ED4F-B18A-A031-D20658988EB6</sourceEntity>
<targetCardinalityString>*</targetCardinalityString>
<targetEntity>E3DF92E5-215C-F36F-DCC7-BD21B834043C</targetEntity>
<transferable>true</transferable>
<deleteRule>NO ACTION</deleteRule>
</Relation>