<?xml version = '1.0' encoding = 'UTF-8'?>
<Relation class="oracle.dbtools.crest.model.design.logical.Relation" name="Linea_Inv_Semillero_Grupo" directorySegmentName="seg_1" id="5EE55BCB-6E89-506E-D4EC-3F711FD651BA">
<createdBy>casa</createdBy>
<createdTime>2020-03-26 19:54:33 UTC</createdTime>
<ownerDesignName>Investigadores_Grupo</ownerDesignName>
<sourcePk>573C6209-7F78-54C5-82A8-56B210A59D02</sourcePk>
<identifying>false</identifying>
<optionalSource>true</optionalSource>
<optionalTarget>false</optionalTarget>
<sourceCardinality>1</sourceCardinality>
<sourceEntity>88E0032B-8431-AA53-7A89-B0A7730977CF</sourceEntity>
<targetCardinalityString>*</targetCardinalityString>
<targetEntity>9802DCD1-705D-905D-4107-FC8ABA6B537D</targetEntity>
<transferable>true</transferable>
<deleteRule>NO ACTION</deleteRule>
</Relation>