<?xml version = '1.0' encoding = 'UTF-8'?>
<Relation class="oracle.dbtools.crest.model.design.logical.Relation" name="Institucion_Inst_Doctorado" directorySegmentName="seg_1" id="613AA7A3-7738-F8A5-B0F5-0DEC05E8D116">
<createdBy>oracle</createdBy>
<createdTime>2020-03-25 23:29:15 UTC</createdTime>
<ownerDesignName>Investigadores_Grupo</ownerDesignName>
<identifying>false</identifying>
<optionalSource>true</optionalSource>
<optionalTarget>false</optionalTarget>
<sourceCardinality>1</sourceCardinality>
<sourceEntity>B010327E-2821-4D38-9C51-5F584BD67CF3</sourceEntity>
<targetCardinalityString>*</targetCardinalityString>
<targetEntity>7BC26D4C-D6B8-3DE2-DC42-A7E0721D45C3</targetEntity>
<transferable>true</transferable>
<deleteRule>NO ACTION</deleteRule>
</Relation>