<?xml version = '1.0' encoding = 'UTF-8'?>
<Relation class="oracle.dbtools.crest.model.design.logical.Relation" name="Hist_Academico_Hist_Espec" directorySegmentName="seg_1" id="75429474-D69D-0141-FF29-21008F1E4346">
<createdBy>oracle</createdBy>
<createdTime>2020-03-25 22:01:28 UTC</createdTime>
<ownerDesignName>Investigadores_Grupo</ownerDesignName>
<sourcePk>A5551841-01E1-1C9A-3795-9B5B90E73CAF</sourcePk>
<identifying>false</identifying>
<optionalSource>true</optionalSource>
<optionalTarget>false</optionalTarget>
<sourceCardinality>1</sourceCardinality>
<sourceEntity>9CF48668-C534-E5A0-CF2B-42C406ACAA89</sourceEntity>
<targetCardinalityString>*</targetCardinalityString>
<targetEntity>05DF8E85-9CCF-1E19-7DA5-A42F70D24122</targetEntity>
<transferable>true</transferable>
<deleteRule>NO ACTION</deleteRule>
</Relation>