<?xml version = '1.0' encoding = 'UTF-8'?>
<Relation class="oracle.dbtools.crest.model.design.logical.Relation" name="Institucion_Lab_Institucion" directorySegmentName="seg_1" id="80FFE038-3D85-F707-FACC-8BCAA29B23F4">
<createdBy>oracle</createdBy>
<createdTime>2020-03-25 22:50:06 UTC</createdTime>
<ownerDesignName>Investigadores_Grupo</ownerDesignName>
<identifying>false</identifying>
<optionalSource>true</optionalSource>
<optionalTarget>false</optionalTarget>
<sourceCardinality>1</sourceCardinality>
<sourceEntity>B010327E-2821-4D38-9C51-5F584BD67CF3</sourceEntity>
<targetCardinalityString>*</targetCardinalityString>
<targetEntity>E3DF92E5-215C-F36F-DCC7-BD21B834043C</targetEntity>
<transferable>true</transferable>
<deleteRule>NO ACTION</deleteRule>
</Relation>