<?xml version = '1.0' encoding = 'UTF-8'?>
<Relation class="oracle.dbtools.crest.model.design.logical.Relation" name="Hist_Academico_Hist_Maestria" directorySegmentName="seg_1" id="AB91B9CC-5BBC-90CA-C5C4-5833E24D34AB">
<createdBy>oracle</createdBy>
<createdTime>2020-03-25 22:02:43 UTC</createdTime>
<ownerDesignName>Investigadores_Grupo</ownerDesignName>
<sourcePk>A5551841-01E1-1C9A-3795-9B5B90E73CAF</sourcePk>
<identifying>false</identifying>
<optionalSource>true</optionalSource>
<optionalTarget>false</optionalTarget>
<sourceCardinality>1</sourceCardinality>
<sourceEntity>9CF48668-C534-E5A0-CF2B-42C406ACAA89</sourceEntity>
<targetCardinalityString>*</targetCardinalityString>
<targetEntity>D9DE4328-9CFE-43A9-FA92-EC509F0EF845</targetEntity>
<transferable>true</transferable>
<deleteRule>NO ACTION</deleteRule>
</Relation>