<?xml version = '1.0' encoding = 'UTF-8'?>
<Relation class="oracle.dbtools.crest.model.design.logical.Relation" name="Pregrado_Hist_Academico" directorySegmentName="seg_1" id="AC85DDE3-DF70-3F9B-44D5-96B354B522A9">
<createdBy>oracle</createdBy>
<createdTime>2020-03-25 21:49:57 UTC</createdTime>
<ownerDesignName>Investigadores_Grupo</ownerDesignName>
<sourcePk>5EED2FE8-AC59-8E61-255E-2EC7BA418BA8</sourcePk>
<identifying>false</identifying>
<optionalSource>true</optionalSource>
<optionalTarget>false</optionalTarget>
<sourceCardinality>1</sourceCardinality>
<sourceEntity>87AA6714-EF7B-79A3-E3EF-B92AE18A388B</sourceEntity>
<targetCardinalityString>*</targetCardinalityString>
<targetEntity>9CF48668-C534-E5A0-CF2B-42C406ACAA89</targetEntity>
<transferable>true</transferable>
<deleteRule>NO ACTION</deleteRule>
</Relation>