<?xml version = '1.0' encoding = 'UTF-8'?>
<Relation class="oracle.dbtools.crest.model.design.logical.Relation" name="Prod_Bibliografica_Sem_grupo" directorySegmentName="seg_1" id="B92225FA-3B33-3DD9-952E-F64740096BEF">
<createdBy>casa</createdBy>
<createdTime>2020-03-26 20:27:49 UTC</createdTime>
<ownerDesignName>Investigadores_Grupo</ownerDesignName>
<sourcePk>A567E4C0-9E7B-9AE9-2C78-8BE13F16532B</sourcePk>
<identifying>false</identifying>
<optionalSource>true</optionalSource>
<optionalTarget>false</optionalTarget>
<sourceCardinality>1</sourceCardinality>
<sourceEntity>7ED4FDF3-FA46-ABE4-7CB1-437D95D2C8B4</sourceEntity>
<targetCardinalityString>*</targetCardinalityString>
<targetEntity>9802DCD1-705D-905D-4107-FC8ABA6B537D</targetEntity>
<transferable>true</transferable>
<deleteRule>NO ACTION</deleteRule>
</Relation>