<?xml version = '1.0' encoding = 'UTF-8'?>
<Relation class="oracle.dbtools.crest.model.design.logical.Relation" name="Semillero_Inst_Semillero" directorySegmentName="seg_1" id="C16B1DD3-6547-9885-86E9-649529A14A8F">
<createdBy>casa</createdBy>
<createdTime>2020-03-26 19:47:26 UTC</createdTime>
<ownerDesignName>Investigadores_Grupo</ownerDesignName>
<sourcePk>A0510506-3B09-3444-8E47-66CB349149BE</sourcePk>
<identifying>false</identifying>
<optionalSource>true</optionalSource>
<optionalTarget>false</optionalTarget>
<sourceCardinality>1</sourceCardinality>
<sourceEntity>17010BF5-7398-7FCD-343E-234B3C4CC1E4</sourceEntity>
<targetCardinalityString>*</targetCardinalityString>
<targetEntity>CB0201A7-01C1-D795-7AEE-62B6FEE64343</targetEntity>
<transferable>true</transferable>
<deleteRule>NO ACTION</deleteRule>
</Relation>