<?xml version = '1.0' encoding = 'UTF-8'?>
<Relation class="oracle.dbtools.crest.model.design.logical.Relation" name="revista_Art_publicado" directorySegmentName="seg_1" id="C3DE7AEA-6327-3AD4-50CC-6E74B3D07A6D">
<createdBy>oracle</createdBy>
<createdTime>2020-03-25 23:54:30 UTC</createdTime>
<ownerDesignName>Investigadores_Grupo</ownerDesignName>
<sourcePk>E7E64FF5-50B8-F8BF-F43C-708E24D614E1</sourcePk>
<identifying>false</identifying>
<optionalSource>true</optionalSource>
<optionalTarget>false</optionalTarget>
<sourceCardinality>1</sourceCardinality>
<sourceEntity>9067E10D-A3B9-96A6-8231-5F42D4A8C804</sourceEntity>
<targetCardinalityString>*</targetCardinalityString>
<targetEntity>044FD16B-56E0-370E-45CC-C8FEBA2B387F</targetEntity>
<transferable>true</transferable>
<deleteRule>NO ACTION</deleteRule>
</Relation>