<?xml version = '1.0' encoding = 'UTF-8'?>
<Relation class="oracle.dbtools.crest.model.design.logical.Relation" name="Institucion_Inst_Pregrado" directorySegmentName="seg_1" id="E0702BA9-6DA6-C208-747E-FFDB92BEB1CD">
<createdBy>oracle</createdBy>
<createdTime>2020-03-25 23:01:14 UTC</createdTime>
<ownerDesignName>Investigadores_Grupo</ownerDesignName>
<identifying>false</identifying>
<optionalSource>true</optionalSource>
<optionalTarget>false</optionalTarget>
<sourceCardinality>1</sourceCardinality>
<sourceEntity>B010327E-2821-4D38-9C51-5F584BD67CF3</sourceEntity>
<targetCardinalityString>*</targetCardinalityString>
<targetEntity>271E1521-8E48-CEEA-93B2-BD054CB1E400</targetEntity>
<transferable>true</transferable>
<deleteRule>NO ACTION</deleteRule>
</Relation>