<?xml version = '1.0' encoding = 'UTF-8'?>
<Relation class="oracle.dbtools.crest.model.design.logical.Relation" name="Prod_Tecnica_Sem_Grupo" directorySegmentName="seg_1" id="E74C9166-5639-A5B7-C08C-5D92717509FB">
<createdBy>casa</createdBy>
<createdTime>2020-03-26 20:28:17 UTC</createdTime>
<ownerDesignName>Investigadores_Grupo</ownerDesignName>
<sourcePk>ECAD603B-0ADA-85DC-B615-316EFF79F5F8</sourcePk>
<identifying>false</identifying>
<optionalSource>true</optionalSource>
<optionalTarget>false</optionalTarget>
<sourceCardinality>1</sourceCardinality>
<sourceEntity>78801408-E4A1-1CF2-0322-A553BA277515</sourceEntity>
<targetCardinalityString>*</targetCardinalityString>
<targetEntity>9802DCD1-705D-905D-4107-FC8ABA6B537D</targetEntity>
<transferable>true</transferable>
<deleteRule>NO ACTION</deleteRule>
</Relation>