<?xml version = '1.0' encoding = 'UTF-8'?>
<Relation class="oracle.dbtools.crest.model.design.logical.Relation" name="Investigador_Inv_Semillero" directorySegmentName="seg_1" id="EA7C549F-E342-0F47-D72A-E8EBBB55DC99">
<createdBy>casa</createdBy>
<createdTime>2020-03-26 20:11:32 UTC</createdTime>
<ownerDesignName>Investigadores_Grupo</ownerDesignName>
<sourcePk>A6A411F2-3063-5B84-3FB4-06197F0EA333</sourcePk>
<identifying>false</identifying>
<optionalSource>true</optionalSource>
<optionalTarget>false</optionalTarget>
<sourceCardinality>1</sourceCardinality>
<sourceEntity>D90DF6B7-4BD6-F1A2-0BEA-6EE5FB2F5047</sourceEntity>
<targetCardinalityString>*</targetCardinalityString>
<targetEntity>090C71D9-6568-E8DE-86BC-DB9BBF47B60C</targetEntity>
<transferable>true</transferable>
<deleteRule>NO ACTION</deleteRule>
</Relation>