<?xml version = '1.0' encoding = 'UTF-8'?>
<Relation class="oracle.dbtools.crest.model.design.logical.Relation" name="Hist_Dedicacion_Inv_Semillero" directorySegmentName="seg_1" id="EBD68D86-B485-2454-AAFB-17F86019B82D">
<createdBy>casa</createdBy>
<createdTime>2020-03-26 20:11:57 UTC</createdTime>
<ownerDesignName>Investigadores_Grupo</ownerDesignName>
<sourcePk>24DE76A3-4BAF-2C87-2B54-B47F39E6CB35</sourcePk>
<identifying>false</identifying>
<optionalSource>true</optionalSource>
<optionalTarget>false</optionalTarget>
<sourceCardinality>1</sourceCardinality>
<sourceEntity>2541239A-3E04-F154-8979-D3A222B070D8</sourceEntity>
<targetCardinalityString>*</targetCardinalityString>
<targetEntity>090C71D9-6568-E8DE-86BC-DB9BBF47B60C</targetEntity>
<transferable>true</transferable>
<deleteRule>NO ACTION</deleteRule>
</Relation>