<?xml version = '1.0' encoding = 'UTF-8'?>
<Relation class="oracle.dbtools.crest.model.design.logical.Relation" name="Inv_Semillero_Sem_Grupo" directorySegmentName="seg_1" id="ED7B8E1E-A73F-5862-0B7F-44991407DF7E">
<createdBy>casa</createdBy>
<createdTime>2020-03-26 20:00:44 UTC</createdTime>
<ownerDesignName>Investigadores_Grupo</ownerDesignName>
<sourcePk>8CDB83F4-1109-5BF8-287E-F175653DBBEA</sourcePk>
<identifying>false</identifying>
<optionalSource>true</optionalSource>
<optionalTarget>false</optionalTarget>
<sourceCardinality>1</sourceCardinality>
<sourceEntity>090C71D9-6568-E8DE-86BC-DB9BBF47B60C</sourceEntity>
<targetCardinalityString>*</targetCardinalityString>
<targetEntity>9802DCD1-705D-905D-4107-FC8ABA6B537D</targetEntity>
<transferable>true</transferable>
<deleteRule>NO ACTION</deleteRule>
</Relation>