<?xml version = '1.0' encoding = 'UTF-8'?>
<Relation class="oracle.dbtools.crest.model.design.logical.Relation" name="Tipo_Prestamo_Historial" directorySegmentName="seg_0" id="00C85431-E2B0-B3B3-F1CE-5FE6A794012B">
<createdBy>casa</createdBy>
<createdTime>2020-03-27 00:16:47 UTC</createdTime>
<ownerDesignName>Biblioteca</ownerDesignName>
<engineerTo>
<item key="1D9131F1-AB98-E033-400D-45CF33EE15F8" value="true"/>
</engineerTo>
<sourcePk>B0294F80-4E10-246B-E283-BAA1AB398D95</sourcePk>
<identifying>false</identifying>
<optionalSource>true</optionalSource>
<optionalTarget>false</optionalTarget>
<sourceCardinality>1</sourceCardinality>
<sourceEntity>551C9A98-B28E-3B51-178B-F0297D2D98A1</sourceEntity>
<targetCardinalityString>*</targetCardinalityString>
<targetEntity>C98D1BF5-BDD3-4435-9A61-BDD14E705B0F</targetEntity>
<transferable>true</transferable>
<deleteRule>NO ACTION</deleteRule>
</Relation>