<?xml version = '1.0' encoding = 'UTF-8'?>
<Relation class="oracle.dbtools.crest.model.design.logical.Relation" name="Cliente_Historial_Prestamo" directorySegmentName="seg_0" id="06622816-BCBC-0531-8D2A-A45CEF2EA3B8">
<createdBy>casa</createdBy>
<createdTime>2020-03-27 00:15:52 UTC</createdTime>
<ownerDesignName>Biblioteca</ownerDesignName>
<engineerTo>
<item key="1D9131F1-AB98-E033-400D-45CF33EE15F8" value="true"/>
</engineerTo>
<sourcePk>5A5F4A49-AA31-4024-118A-96A38A762620</sourcePk>
<identifying>false</identifying>
<optionalSource>true</optionalSource>
<optionalTarget>false</optionalTarget>
<sourceCardinality>1</sourceCardinality>
<sourceEntity>80A81754-6382-D576-4FD5-BB4F95B7FAD6</sourceEntity>
<targetCardinalityString>*</targetCardinalityString>
<targetEntity>C98D1BF5-BDD3-4435-9A61-BDD14E705B0F</targetEntity>
<transferable>true</transferable>
<deleteRule>NO ACTION</deleteRule>
</Relation>