<?xml version = '1.0' encoding = 'UTF-8'?>
<Relation class="oracle.dbtools.crest.model.design.logical.Relation" name="Libro_Ficha_Libro" directorySegmentName="seg_0" id="0AE4CF6C-4F0B-8690-267F-892D5CD3FE3C">
<createdBy>casa</createdBy>
<createdTime>2020-03-27 00:14:18 UTC</createdTime>
<ownerDesignName>Biblioteca</ownerDesignName>
<engineerTo>
<item key="1D9131F1-AB98-E033-400D-45CF33EE15F8" value="true"/>
</engineerTo>
<sourcePk>AC113DBB-8558-A74D-513B-FD69030392A9</sourcePk>
<identifying>false</identifying>
<optionalSource>true</optionalSource>
<optionalTarget>false</optionalTarget>
<sourceCardinality>1</sourceCardinality>
<sourceEntity>BC08BAED-7CF8-EF74-DAF0-E1AE6EBCC91C</sourceEntity>
<targetCardinalityString>1</targetCardinalityString>
<targetEntity>FB118114-B870-440A-E7C4-43F69BDF2381</targetEntity>
<transferable>true</transferable>
<deleteRule>NO ACTION</deleteRule>
</Relation>