<?xml version = '1.0' encoding = 'UTF-8'?>
<Relation class="oracle.dbtools.crest.model.design.logical.Relation" name="Libros_Historial_Prestamo" directorySegmentName="seg_0" id="2487FD9E-6164-850B-6BDA-8B1024339A03">
<createdBy>casa</createdBy>
<createdTime>2020-03-27 00:16:13 UTC</createdTime>
<ownerDesignName>Biblioteca</ownerDesignName>
<engineerTo>
<item key="1D9131F1-AB98-E033-400D-45CF33EE15F8" value="true"/>
</engineerTo>
<sourcePk>116F69A4-65C2-BFD8-6046-45175A75D30A</sourcePk>
<identifying>false</identifying>
<optionalSource>true</optionalSource>
<optionalTarget>false</optionalTarget>
<sourceCardinality>1</sourceCardinality>
<sourceEntity>FB118114-B870-440A-E7C4-43F69BDF2381</sourceEntity>
<targetCardinalityString>*</targetCardinalityString>
<targetEntity>C98D1BF5-BDD3-4435-9A61-BDD14E705B0F</targetEntity>
<transferable>true</transferable>
<deleteRule>NO ACTION</deleteRule>
</Relation>