<?xml version = '1.0' encoding = 'UTF-8'?>
<Relation class="oracle.dbtools.crest.model.design.logical.Relation" name="estado_Historial_Multa" directorySegmentName="seg_0" id="35E8213E-3703-796C-5ACE-6403767E3CE9">
<createdBy>casa</createdBy>
<createdTime>2020-03-27 01:05:23 UTC</createdTime>
<ownerDesignName>Biblioteca</ownerDesignName>
<engineerTo>
<item key="1D9131F1-AB98-E033-400D-45CF33EE15F8" value="true"/>
</engineerTo>
<sourcePk>B0EE4CC6-E838-AD21-6883-F6A41FAD35AF</sourcePk>
<identifying>false</identifying>
<optionalSource>true</optionalSource>
<optionalTarget>false</optionalTarget>
<sourceCardinality>1</sourceCardinality>
<sourceEntity>CAE5B370-9ACE-F8B1-E3CA-872A2D783662</sourceEntity>
<targetCardinalityString>*</targetCardinalityString>
<targetEntity>6DA25806-C9E8-C64A-57F0-A4168A0CC229</targetEntity>
<transferable>true</transferable>
<deleteRule>NO ACTION</deleteRule>
</Relation>