<?xml version = '1.0' encoding = 'UTF-8'?>
<Relation class="oracle.dbtools.crest.model.design.logical.Relation" name="Tipo_Documento_Cliente" directorySegmentName="seg_0" id="5FF53761-C438-F992-8A0B-8689D0BD7F11">
<createdBy>casa</createdBy>
<createdTime>2020-03-27 01:23:47 UTC</createdTime>
<ownerDesignName>Biblioteca</ownerDesignName>
<engineerTo>
<item key="1D9131F1-AB98-E033-400D-45CF33EE15F8" value="true"/>
</engineerTo>
<sourcePk>A7C9AB2C-EAC0-CC57-49BF-1BF0D651D67B</sourcePk>
<identifying>false</identifying>
<optionalSource>true</optionalSource>
<optionalTarget>false</optionalTarget>
<sourceCardinality>1</sourceCardinality>
<sourceEntity>0CCD2E49-ABF6-9834-8BDE-9C62EA6052B8</sourceEntity>
<targetCardinalityString>*</targetCardinalityString>
<targetEntity>80A81754-6382-D576-4FD5-BB4F95B7FAD6</targetEntity>
<transferable>true</transferable>
<deleteRule>NO ACTION</deleteRule>
</Relation>