<?xml version = '1.0' encoding = 'UTF-8'?>
<Relation class="oracle.dbtools.crest.model.design.logical.Relation" name="Entidad_Cliente_Cliente" directorySegmentName="seg_0" id="63CEF0C3-478C-26AF-2BEE-FCDFEF9B954F">
<createdBy>casa</createdBy>
<createdTime>2020-03-27 00:11:52 UTC</createdTime>
<ownerDesignName>Biblioteca</ownerDesignName>
<engineerTo>
<item key="1D9131F1-AB98-E033-400D-45CF33EE15F8" value="true"/>
</engineerTo>
<sourcePk>812E796A-41EE-9B58-AD7D-EDD656E0E2FE</sourcePk>
<identifying>false</identifying>
<optionalSource>true</optionalSource>
<optionalTarget>false</optionalTarget>
<sourceCardinality>1</sourceCardinality>
<sourceEntity>04893913-6C34-B974-6D4B-E7998F130F58</sourceEntity>
<targetCardinalityString>*</targetCardinalityString>
<targetEntity>80A81754-6382-D576-4FD5-BB4F95B7FAD6</targetEntity>
<transferable>true</transferable>
<deleteRule>NO ACTION</deleteRule>
</Relation>