<?xml version = '1.0' encoding = 'UTF-8'?>
<Relation class="oracle.dbtools.crest.model.design.logical.Relation" name="Casa_Empresa_Casa_Editorial" directorySegmentName="seg_0" id="871CF409-186D-1628-B972-EBD98B63C5C1">
<createdBy>casa</createdBy>
<createdTime>2020-03-27 00:09:33 UTC</createdTime>
<ownerDesignName>Biblioteca</ownerDesignName>
<engineerTo>
<item key="1D9131F1-AB98-E033-400D-45CF33EE15F8" value="true"/>
</engineerTo>
<sourcePk>1316461E-6664-27D9-178D-300B5F5010B2</sourcePk>
<identifying>false</identifying>
<optionalSource>true</optionalSource>
<optionalTarget>false</optionalTarget>
<sourceCardinality>1</sourceCardinality>
<sourceEntity>42FDB96A-C573-4308-E3E7-FCBD2B967E02</sourceEntity>
<targetCardinalityString>*</targetCardinalityString>
<targetEntity>3F7B5187-5C01-0630-300A-D899DF0F583E</targetEntity>
<transferable>true</transferable>
<deleteRule>NO ACTION</deleteRule>
</Relation>