<?xml version = '1.0' encoding = 'UTF-8'?>
<Relation class="oracle.dbtools.crest.model.design.logical.Relation" name="Empresa_Empresa_Casa_Editorial" directorySegmentName="seg_0" id="B59FD10A-C851-961F-145F-377B70C8C05B">
<createdBy>casa</createdBy>
<createdTime>2020-03-27 00:09:51 UTC</createdTime>
<ownerDesignName>Biblioteca</ownerDesignName>
<engineerTo>
<item key="1D9131F1-AB98-E033-400D-45CF33EE15F8" value="true"/>
</engineerTo>
<sourcePk>855F3328-3DA9-0770-02B9-14FAFC08568C</sourcePk>
<identifying>false</identifying>
<optionalSource>true</optionalSource>
<optionalTarget>false</optionalTarget>
<sourceCardinality>1</sourceCardinality>
<sourceEntity>3027ED30-9B94-2135-DA18-6FE0A4400BA9</sourceEntity>
<targetCardinalityString>*</targetCardinalityString>
<targetEntity>3F7B5187-5C01-0630-300A-D899DF0F583E</targetEntity>
<transferable>true</transferable>
<deleteRule>NO ACTION</deleteRule>
</Relation>