<?xml version = '1.0' encoding = 'UTF-8'?>
<Relation class="oracle.dbtools.crest.model.design.logical.Relation" name="Empresa_Libro" directorySegmentName="seg_0" id="B9C77970-14FA-0D50-7D77-3ADB632C7223">
<createdBy>casa</createdBy>
<createdTime>2020-03-27 00:33:27 UTC</createdTime>
<ownerDesignName>Biblioteca</ownerDesignName>
<engineerTo>
<item key="1D9131F1-AB98-E033-400D-45CF33EE15F8" value="true"/>
</engineerTo>
<sourcePk>855F3328-3DA9-0770-02B9-14FAFC08568C</sourcePk>
<identifying>false</identifying>
<optionalSource>true</optionalSource>
<optionalTarget>false</optionalTarget>
<sourceCardinality>1</sourceCardinality>
<sourceEntity>3027ED30-9B94-2135-DA18-6FE0A4400BA9</sourceEntity>
<targetCardinalityString>*</targetCardinalityString>
<targetEntity>FB118114-B870-440A-E7C4-43F69BDF2381</targetEntity>
<transferable>true</transferable>
<deleteRule>NO ACTION</deleteRule>
</Relation>