<?xml version = '1.0' encoding = 'UTF-8'?>
<Relation class="oracle.dbtools.crest.model.design.logical.Relation" name="Hist_prestamo_hist_Multa" directorySegmentName="seg_0" id="C13AA2D9-D6AE-7A43-F1A3-E64561335DD7">
<createdBy>casa</createdBy>
<createdTime>2020-03-27 01:10:43 UTC</createdTime>
<ownerDesignName>Biblioteca</ownerDesignName>
<engineerTo>
<item key="1D9131F1-AB98-E033-400D-45CF33EE15F8" value="true"/>
</engineerTo>
<sourcePk>0CED84B2-1270-0B99-EAAF-12D049AF10D9</sourcePk>
<identifying>false</identifying>
<optionalSource>true</optionalSource>
<optionalTarget>false</optionalTarget>
<sourceCardinality>1</sourceCardinality>
<sourceEntity>C98D1BF5-BDD3-4435-9A61-BDD14E705B0F</sourceEntity>
<targetCardinalityString>*</targetCardinalityString>
<targetEntity>6DA25806-C9E8-C64A-57F0-A4168A0CC229</targetEntity>
<transferable>true</transferable>
<deleteRule>NO ACTION</deleteRule>
</Relation>