<?xml version = '1.0' encoding = 'UTF-8'?>
<Relation class="oracle.dbtools.crest.model.design.logical.Relation" name="Estado_Cliente_Cliente" directorySegmentName="seg_0" id="DF7863BD-FC8B-131E-E1E5-6F175B07598E">
<createdBy>casa</createdBy>
<createdTime>2020-03-27 00:52:32 UTC</createdTime>
<ownerDesignName>Biblioteca</ownerDesignName>
<engineerTo>
<item key="1D9131F1-AB98-E033-400D-45CF33EE15F8" value="true"/>
</engineerTo>
<sourcePk>1B3C0BBA-B577-1511-69BA-6EBD61800C2C</sourcePk>
<identifying>false</identifying>
<optionalSource>true</optionalSource>
<optionalTarget>false</optionalTarget>
<sourceCardinality>1</sourceCardinality>
<sourceEntity>407CE0DA-267D-7341-1461-195C29243278</sourceEntity>
<targetCardinalityString>*</targetCardinalityString>
<targetEntity>80A81754-6382-D576-4FD5-BB4F95B7FAD6</targetEntity>
<transferable>true</transferable>
<deleteRule>NO ACTION</deleteRule>
</Relation>