<?xml version = '1.0' encoding = 'UTF-8'?>
<Relation class="oracle.dbtools.crest.model.design.logical.Relation" name="Estado_Libro_Ficha_Libro" directorySegmentName="seg_0" id="F143EA32-5738-554F-A679-2E063E1B72B0">
<createdBy>casa</createdBy>
<createdTime>2020-03-27 01:31:24 UTC</createdTime>
<ownerDesignName>Biblioteca</ownerDesignName>
<engineerTo>
<item key="1D9131F1-AB98-E033-400D-45CF33EE15F8" value="true"/>
</engineerTo>
<identifying>false</identifying>
<optionalSource>true</optionalSource>
<optionalTarget>false</optionalTarget>
<sourceCardinality>1</sourceCardinality>
<sourceEntity>8456F8C3-8685-01E1-0A0C-6986CDCEB625</sourceEntity>
<targetCardinalityString>*</targetCardinalityString>
<targetEntity>BC08BAED-7CF8-EF74-DAF0-E1AE6EBCC91C</targetEntity>
<transferable>true</transferable>
<deleteRule>NO ACTION</deleteRule>
</Relation>