<?xml version = '1.0' encoding = 'UTF-8'?>
<Relation class="oracle.dbtools.crest.model.design.logical.Relation" name="Tipo_Cliente_Cliente" directorySegmentName="seg_0" id="F1B9F602-AC84-5ACA-E455-D28E5FFC52BE">
<createdBy>casa</createdBy>
<createdTime>2020-03-27 00:06:44 UTC</createdTime>
<ownerDesignName>Biblioteca</ownerDesignName>
<engineerTo>
<item key="1D9131F1-AB98-E033-400D-45CF33EE15F8" value="true"/>
</engineerTo>
<sourcePk>7676C5FF-1BB6-4F46-C3E6-6EEEF2F42A87</sourcePk>
<identifying>false</identifying>
<optionalSource>true</optionalSource>
<optionalTarget>false</optionalTarget>
<sourceCardinality>1</sourceCardinality>
<sourceEntity>5C84E379-CCF3-AAF8-D570-47F0A3B4845F</sourceEntity>
<targetCardinalityString>*</targetCardinalityString>
<targetEntity>80A81754-6382-D576-4FD5-BB4F95B7FAD6</targetEntity>
<transferable>true</transferable>
<deleteRule>NO ACTION</deleteRule>
</Relation>