<?xml version = '1.0' encoding = 'UTF-8'?>
<Diagram class="oracle.dbtools.crest.swingui.logical.DPVLogical" name="Logical" id="805D843F-246B-998F-142E-09B24E53A773">
<createdBy>casa</createdBy>
<modifiedBy>casa</modifiedBy>
<createdTime>2020-03-19 21:00:12 UTC</createdTime>
<autoRoute>false</autoRoute>
<boxInbox>true</boxInbox>
<showLegend>false</showLegend>
<showLabels>false</showLabels>
<showRelAttributes>false</showRelAttributes>
<gridEnabled>false</gridEnabled>
<showGrid>false</showGrid>
<diagramColor>-1</diagramColor>
<display>false</display>
<notation>1</notation>
<objectViews>
<OView class="oracle.dbtools.crest.swingui.logical.TVEntity" oid="03B72D85-BB76-ACB4-A08C-11C2134935A5" otype="Entity" vid="E94D7985-D640-8A1D-0029-B7508113DA3B">
<hideElementsInCurrentOnly>false</hideElementsInCurrentOnly>
<bounds x="1751" y="838" width="134" height="39"/>
</OView>
<OView class="oracle.dbtools.crest.swingui.logical.TVEntity" oid="044FD16B-56E0-370E-45CC-C8FEBA2B387F" otype="Entity" vid="B59C85C4-6024-45C0-3B03-0617BF27AB77">
<hideElementsInCurrentOnly>false</hideElementsInCurrentOnly>
<bounds x="2120" y="1761" width="140" height="136"/>
</OView>
<OView class="oracle.dbtools.crest.swingui.logical.TVEntity" oid="05A10254-435C-1FFA-A718-85161450D256" otype="Entity" vid="8C4CA69A-459E-4161-14B5-44DBD17CC81C">
<hideElementsInCurrentOnly>false</hideElementsInCurrentOnly>
<bounds x="2239" y="1064" width="94" height="57"/>
</OView>
<OView class="oracle.dbtools.crest.swingui.logical.TVEntity" oid="05DF8E85-9CCF-1E19-7DA5-A42F70D24122" otype="Entity" vid="31559CDA-0349-F1A2-8225-249A590A6522">
<hideElementsInCurrentOnly>false</hideElementsInCurrentOnly>
<bounds x="2256" y="681" width="149" height="43"/>
</OView>
<OView class="oracle.dbtools.crest.swingui.logical.TVEntity" oid="08D3628F-F38D-72FF-8E86-77EB57CEA22D" otype="Entity" vid="D9CBD713-4AA2-40DC-4BA7-E95D9704A756">
<hideElementsInCurrentOnly>false</hideElementsInCurrentOnly>
<bounds x="2366" y="1741" width="110" height="37"/>
</OView>
<OView class="oracle.dbtools.crest.swingui.logical.TVEntity" oid="090C71D9-6568-E8DE-86BC-DB9BBF47B60C" otype="Entity" vid="7554ABFE-3693-94D5-97B7-E0C1FA088DF2">
<hideElementsInCurrentOnly>false</hideElementsInCurrentOnly>
<bounds x="531" y="1524" width="148" height="49"/>
</OView>
<OView class="oracle.dbtools.crest.swingui.logical.TVEntity" oid="10D4C3AB-6DBE-2B7F-E627-F6C86FEC7E4F" otype="Entity" vid="D78C5B90-C612-931F-58AC-D5C696F96D5E">
<hideElementsInCurrentOnly>false</hideElementsInCurrentOnly>
<bounds x="1606" y="391" width="110" height="56"/>
</OView>
<OView class="oracle.dbtools.crest.swingui.logical.TVEntity" oid="11B379A9-B8F5-3DA3-B714-6A0D1195E6D2" otype="Entity" vid="E405BCA2-256C-5707-219B-D354BA1BDF9F">
<hideElementsInCurrentOnly>false</hideElementsInCurrentOnly>
<bounds x="2451" y="1904" width="127" height="44"/>
</OView>
<OView class="oracle.dbtools.crest.swingui.logical.TVEntity" oid="11D7915D-FD41-814D-58C3-11170DC51257" otype="Entity" vid="F30F210E-62D8-266E-9225-8F4EF30B4933">
<hideElementsInCurrentOnly>false</hideElementsInCurrentOnly>
<bounds x="2515" y="1386" width="170" height="37"/>
</OView>
<OView class="oracle.dbtools.crest.swingui.logical.TVEntity" oid="134E8866-4B72-5D91-C059-03A9E8720E8B" otype="Entity" vid="A71A7770-5750-208E-5373-76DEA31DA802">
<hideElementsInCurrentOnly>false</hideElementsInCurrentOnly>
<bounds x="32" y="1163" width="152" height="81"/>
</OView>
<OView class="oracle.dbtools.crest.swingui.logical.TVEntity" oid="17010BF5-7398-7FCD-343E-234B3C4CC1E4" otype="Entity" vid="A2A5C248-D044-D2EB-E1DA-39EA9C607FED">
<hideElementsInCurrentOnly>false</hideElementsInCurrentOnly>
<bounds x="277" y="845" width="148" height="77"/>
</OView>
<OView class="oracle.dbtools.crest.swingui.logical.TVEntity" oid="17BE29CB-4FCB-533F-045B-8C995678ECC2" otype="Entity" vid="4AB83823-5ED1-B693-5649-70F00D6ACBEC">
<hideElementsInCurrentOnly>false</hideElementsInCurrentOnly>
<bounds x="2025" y="773" width="124" height="104"/>
</OView>
<OView class="oracle.dbtools.crest.swingui.logical.TVEntity" oid="18913470-FBC2-4B9A-A557-76C423612A6F" otype="Entity" vid="D05DDD11-AFF7-F790-C2A5-08B68AE9189D">
<hideElementsInCurrentOnly>false</hideElementsInCurrentOnly>
<bounds x="1390" y="195" width="125" height="53"/>
</OView>
<OView class="oracle.dbtools.crest.swingui.logical.TVEntity" oid="18E8AF24-ED4F-B18A-A031-D20658988EB6" otype="Entity" vid="8CDFA570-8A09-A01C-6EBB-8148AFBA0762">
<hideElementsInCurrentOnly>false</hideElementsInCurrentOnly>
<bounds x="1945" y="1223" width="178" height="79"/>
</OView>
<OView class="oracle.dbtools.crest.swingui.logical.TVEntity" oid="1FE040A7-1EC4-26BE-3A98-F6E68F97026C" otype="Entity" vid="732CF956-0741-6F41-5AAE-108C1EDAD395">
<hideElementsInCurrentOnly>false</hideElementsInCurrentOnly>
<bounds x="1392" y="286" width="130" height="61"/>
</OView>
<OView class="oracle.dbtools.crest.swingui.logical.TVEntity" oid="2424A48A-CD88-F5DE-45DE-DDD0A4A49861" otype="Entity" vid="AAF1C522-2EC8-92B9-4DAC-0176B2CC2D10">
<hideElementsInCurrentOnly>false</hideElementsInCurrentOnly>
<bounds x="2520" y="1999" width="146" height="46"/>
</OView>
<OView class="oracle.dbtools.crest.swingui.logical.TVEntity" oid="2541239A-3E04-F154-8979-D3A222B070D8" otype="Entity" vid="4F4E64B2-D298-C203-59FF-1D40624A33D6">
<hideElementsInCurrentOnly>false</hideElementsInCurrentOnly>
<bounds x="262" y="1384" width="170" height="78"/>
</OView>
<OView class="oracle.dbtools.crest.swingui.logical.TVEntity" oid="271E1521-8E48-CEEA-93B2-BD054CB1E400" otype="Entity" vid="36486309-DC94-A0B5-1B21-52A942BF27B9">
<hideElementsInCurrentOnly>false</hideElementsInCurrentOnly>
<bounds x="1814" y="592" width="141" height="38"/>
</OView>
<OView class="oracle.dbtools.crest.swingui.logical.TVEntity" oid="27898E42-00B8-948C-3F5B-173F4F4F8FDD" otype="Entity" vid="2B64F232-B1BA-CFBA-B942-2DE4E5D21FE5">
<hideElementsInCurrentOnly>false</hideElementsInCurrentOnly>
<bounds x="1798" y="1385" width="145" height="40"/>
</OView>
<OView class="oracle.dbtools.crest.swingui.logical.TVEntity" oid="28E06DC9-11F2-71B3-D19A-4D951285B0BB" otype="Entity" vid="8B30A503-B69B-9E04-7E5A-B9B163E61C81">
<hideElementsInCurrentOnly>false</hideElementsInCurrentOnly>
<bounds x="2362" y="1157" width="127" height="67"/>
</OView>
<OView class="oracle.dbtools.crest.swingui.logical.TVEntity" oid="2EC2D13C-2BDB-B2FB-3B1B-D3A4E6D5DEAB" otype="Entity" vid="D4410DD0-2991-E651-D32C-B215E92E1FD6">
<hideElementsInCurrentOnly>false</hideElementsInCurrentOnly>
<bounds x="2061" y="1511" width="170" height="62"/>
</OView>
<OView class="oracle.dbtools.crest.swingui.logical.TVEntity" oid="3144D05D-3204-E7EA-83E2-A4842F487DA7" otype="Entity" vid="64B035CE-DE40-8ADC-9639-ECEF79E44D13">
<hideElementsInCurrentOnly>false</hideElementsInCurrentOnly>
<bounds x="1397" y="1095" width="170" height="72"/>
</OView>
<OView class="oracle.dbtools.crest.swingui.logical.TVEntity" oid="35B01CDD-9833-FFDA-0ABC-3226D58056A4" otype="Entity" vid="BC28DB2A-A497-AC15-1A7C-8272DE2D9B20">
<hideElementsInCurrentOnly>false</hideElementsInCurrentOnly>
<bounds x="2517" y="844" width="131" height="40"/>
</OView>
<OView class="oracle.dbtools.crest.swingui.logical.TVEntity" oid="38579492-4CE5-D173-173C-41EF788197B3" otype="Entity" vid="FE855422-E00B-B2DC-BA3A-CAFFF481B1B4">
<hideElementsInCurrentOnly>false</hideElementsInCurrentOnly>
<bounds x="2378" y="1465" width="145" height="49"/>
</OView>
<OView class="oracle.dbtools.crest.swingui.logical.TVEntity" oid="3EBE959E-8C5B-526A-4122-546EB367EB44" otype="Entity" vid="175A63CB-AC0F-E4A6-2337-983AFDFE9A47">
<hideElementsInCurrentOnly>false</hideElementsInCurrentOnly>
<bounds x="2216" y="2000" width="170" height="72"/>
</OView>
<OView class="oracle.dbtools.crest.swingui.logical.TVEntity" oid="43236B9A-BBA0-FF0F-3981-1F42AD10BE17" otype="Entity" vid="0542279E-39B6-237E-635E-8FFE3A3C5C0B">
<hideElementsInCurrentOnly>false</hideElementsInCurrentOnly>
<bounds x="1164" y="1092" width="185" height="40"/>
</OView>
<OView class="oracle.dbtools.crest.swingui.logical.TVEntity" oid="4E58B896-7B38-9904-2065-1270053C842B" otype="Entity" vid="99A7D3A0-6237-9E4D-84D1-8596DA1FAECD">
<hideElementsInCurrentOnly>false</hideElementsInCurrentOnly>
<bounds x="216" y="1185" width="98" height="51"/>
</OView>
<OView class="oracle.dbtools.crest.swingui.logical.TVEntity" oid="566DB607-DC9A-8BFA-B744-35DE751FB7A1" otype="Entity" vid="31EB7DDE-0284-E674-D67C-5C6269C67E94">
<hideElementsInCurrentOnly>false</hideElementsInCurrentOnly>
<bounds x="2695" y="1537" width="98" height="103"/>
</OView>
<OView class="oracle.dbtools.crest.swingui.logical.TVEntity" oid="57848791-9CA0-F5AE-B154-027C352C6C80" otype="Entity" vid="0DF381FE-97D5-4330-B8C0-1F4B41ED0435">
<hideElementsInCurrentOnly>false</hideElementsInCurrentOnly>
<bounds x="319" y="1269" width="102" height="57"/>
</OView>
<OView class="oracle.dbtools.crest.swingui.logical.TVEntity" oid="5F992CAF-9032-6D64-65BA-7B6839AFC46B" otype="Entity" vid="87F78465-CF6C-D2CB-C6E4-031C6A66A4BD">
<hideElementsInCurrentOnly>false</hideElementsInCurrentOnly>
<bounds x="2444" y="1556" width="148" height="37"/>
</OView>
<OView class="oracle.dbtools.crest.swingui.logical.TVEntity" oid="6C6E6A2B-6F71-8579-A88F-C900290D481D" otype="Entity" vid="82D58731-63C0-DD8C-2AFF-F9B9D10E4819">
<hideElementsInCurrentOnly>false</hideElementsInCurrentOnly>
<bounds x="818" y="906" width="135" height="49"/>
</OView>
<OView class="oracle.dbtools.crest.swingui.logical.TVEntity" oid="78801408-E4A1-1CF2-0322-A553BA277515" otype="Entity" vid="0585DB34-A99F-739F-7220-32A2F78DF6A7">
<hideElementsInCurrentOnly>false</hideElementsInCurrentOnly>
<bounds x="1821" y="1965" width="134" height="61"/>
</OView>
<OView class="oracle.dbtools.crest.swingui.logical.TVEntity" oid="79E85F68-B38F-431D-D669-7A73553434FB" otype="Entity" vid="07ACC7DC-1464-0989-8CED-ABF771E4018A">
<hideElementsInCurrentOnly>false</hideElementsInCurrentOnly>
<bounds x="132" y="1066" width="95" height="51"/>
</OView>
<OView class="oracle.dbtools.crest.swingui.logical.TVEntity" oid="7BC26D4C-D6B8-3DE2-DC42-A7E0721D45C3" otype="Entity" vid="B2363610-F0DE-3035-5B91-1D8D260A65AA">
<hideElementsInCurrentOnly>false</hideElementsInCurrentOnly>
<bounds x="1761" y="958" width="136" height="35"/>
</OView>
<OView class="oracle.dbtools.crest.swingui.logical.TVEntity" oid="7C9DEAC6-722F-4ECC-AC69-DB83DD25138B" otype="Entity" vid="1706F586-706B-BDAB-15DD-2AA022C15CB0">
<hideElementsInCurrentOnly>false</hideElementsInCurrentOnly>
<bounds x="1188" y="966" width="180" height="79"/>
</OView>
<OView class="oracle.dbtools.crest.swingui.logical.TVEntity" oid="7E93FE77-4CA8-B0E5-3EFA-DDD56A02E07D" otype="Entity" vid="2ECD18B8-43BC-C65D-E79E-51D6D65C79A2">
<hideElementsInCurrentOnly>false</hideElementsInCurrentOnly>
<bounds x="1102" y="241" width="170" height="220"/>
</OView>
<OView class="oracle.dbtools.crest.swingui.logical.TVEntity" oid="7ED4FDF3-FA46-ABE4-7CB1-437D95D2C8B4" otype="Entity" vid="74268100-4992-38F5-E588-70E4F8DE9A9B">
<hideElementsInCurrentOnly>false</hideElementsInCurrentOnly>
<bounds x="1764" y="1729" width="170" height="59"/>
</OView>
<OView class="oracle.dbtools.crest.swingui.logical.TVEntity" oid="82C2C965-4B49-9748-D4E3-F06D617AE1F5" otype="Entity" vid="AB05632B-BD80-21F3-1A7B-162B2BD479B7">
<hideElementsInCurrentOnly>false</hideElementsInCurrentOnly>
<bounds x="1286" y="2013" width="126" height="44"/>
</OView>
<OView class="oracle.dbtools.crest.swingui.logical.TVEntity" oid="833441C1-13E9-CF4D-9B36-E52788922EF4" otype="Entity" vid="07F2A4AE-8E90-BB34-09F7-9B42E8566778">
<hideElementsInCurrentOnly>false</hideElementsInCurrentOnly>
<bounds x="1762" y="1573" width="170" height="44"/>
</OView>
<OView class="oracle.dbtools.crest.swingui.logical.TVEntity" oid="87AA6714-EF7B-79A3-E3EF-B92AE18A388B" otype="Entity" vid="75A8065B-F390-3880-49BF-62896C9B4CBA">
<hideElementsInCurrentOnly>false</hideElementsInCurrentOnly>
<bounds x="2046" y="512" width="130" height="110"/>
</OView>
<OView class="oracle.dbtools.crest.swingui.logical.TVEntity" oid="88E0032B-8431-AA53-7A89-B0A7730977CF" otype="Entity" vid="49787DBE-3835-3B1E-8A98-3D7E54C3B9B0">
<hideElementsInCurrentOnly>false</hideElementsInCurrentOnly>
<bounds x="1401" y="1534" width="170" height="53"/>
</OView>
<OView class="oracle.dbtools.crest.swingui.logical.TVEntity" oid="8A0AFE3A-EEB1-5ABD-2FA3-4864B196C26B" otype="Entity" vid="FAD9E307-7864-1F22-ABDA-E179AC703A46">
<hideElementsInCurrentOnly>false</hideElementsInCurrentOnly>
<bounds x="736" y="1154" width="140" height="95"/>
</OView>
<OView class="oracle.dbtools.crest.swingui.logical.TVEntity" oid="8DC1E24F-7E71-D4D6-B89C-4D4164B8B2CD" otype="Entity" vid="F8F8BE4A-D7FE-5848-17D8-2C2EB8C5190A">
<hideElementsInCurrentOnly>false</hideElementsInCurrentOnly>
<bounds x="1816" y="1891" width="131" height="49"/>
</OView>
<OView class="oracle.dbtools.crest.swingui.logical.TVEntity" oid="9067E10D-A3B9-96A6-8231-5F42D4A8C804" otype="Entity" vid="015B4B89-DA1F-FB76-0B83-232BCB198442">
<hideElementsInCurrentOnly>false</hideElementsInCurrentOnly>
<bounds x="2362" y="1791" width="139" height="61"/>
</OView>
<OView class="oracle.dbtools.crest.swingui.logical.TVEntity" oid="910CF94E-9D2C-E922-3AD8-DC893272F8F6" otype="Entity" vid="7610DCF9-94F7-F7F9-639A-F1588F789B31">
<hideElementsInCurrentOnly>false</hideElementsInCurrentOnly>
<bounds x="48" y="1358" width="139" height="52"/>
</OView>
<OView class="oracle.dbtools.crest.swingui.logical.TVEntity" oid="95E7187C-DA70-25D8-A984-57943783DB04" otype="Entity" vid="9C089125-FD0E-D90A-2994-B5D11F4CACB9">
<hideElementsInCurrentOnly>false</hideElementsInCurrentOnly>
<bounds x="2024" y="635" width="142" height="111"/>
</OView>
<OView class="oracle.dbtools.crest.swingui.logical.TVEntity" oid="9802DCD1-705D-905D-4107-FC8ABA6B537D" otype="Entity" vid="277E89A2-EA40-12D5-EA20-E58EFC88BA55">
<hideElementsInCurrentOnly>false</hideElementsInCurrentOnly>
<bounds x="658" y="1325" width="135" height="41"/>
</OView>
<OView class="oracle.dbtools.crest.swingui.logical.TVEntity" oid="98B9257F-B046-3942-8854-B69E49F85AF4" otype="Entity" vid="1DB337CF-F268-76C7-EDC4-BB3042127285">
<hideElementsInCurrentOnly>false</hideElementsInCurrentOnly>
<bounds x="578" y="912" width="170" height="40"/>
</OView>
<OView class="oracle.dbtools.crest.swingui.logical.TVEntity" oid="99394366-928A-3619-2EA6-FC7F929C1892" otype="Entity" vid="BBE70162-97AB-74A1-53BA-98AF49973019">
<hideElementsInCurrentOnly>false</hideElementsInCurrentOnly>
<bounds x="1806" y="1633" width="170" height="44"/>
</OView>
<OView class="oracle.dbtools.crest.swingui.logical.TVEntity" oid="99BFB33A-0853-AA7D-84B5-1BC420988F96" otype="Entity" vid="A5B985B7-EA01-CB6D-8837-F69894D5B9AD">
<hideElementsInCurrentOnly>false</hideElementsInCurrentOnly>
<bounds x="1254" y="623" width="113" height="49"/>
</OView>
<OView class="oracle.dbtools.crest.swingui.logical.TVEntity" oid="9A64ACF7-FEF8-09F5-A256-E6FBE2F4F9F8" otype="Entity" vid="B0518E0D-5CB1-32BB-84C6-054D38D8969B">
<hideElementsInCurrentOnly>false</hideElementsInCurrentOnly>
<bounds x="2024" y="909" width="123" height="122"/>
</OView>
<OView class="oracle.dbtools.crest.swingui.logical.TVEntity" oid="9BD0773F-B693-8987-B839-F3E297C0132F" otype="Entity" vid="0EAC0348-638B-5343-F4C5-752814A9CAD0">
<hideElementsInCurrentOnly>false</hideElementsInCurrentOnly>
<bounds x="1438" y="1962" width="145" height="44"/>
</OView>
<OView class="oracle.dbtools.crest.swingui.logical.TVEntity" oid="9CF48668-C534-E5A0-CF2B-42C406ACAA89" otype="Entity" vid="3BF8ED4F-1D4F-C2C4-3AA4-6709706105C1">
<hideElementsInCurrentOnly>false</hideElementsInCurrentOnly>
<bounds x="2539" y="621" width="141" height="39"/>
</OView>
<OView class="oracle.dbtools.crest.swingui.logical.TVEntity" oid="9D6F0269-1647-894A-075D-26E98B4524B7" otype="Entity" vid="A7F3E5A7-03DC-D645-0BCD-BEDFA52FECD4">
<hideElementsInCurrentOnly>false</hideElementsInCurrentOnly>
<bounds x="2435" y="947" width="106" height="68"/>
</OView>
<OView class="oracle.dbtools.crest.swingui.logical.TVEntity" oid="A4A736FF-EA65-AE12-F440-E557A851A92A" otype="Entity" vid="0E06B939-5DC0-F361-1D56-3ADCA888B21D">
<hideElementsInCurrentOnly>false</hideElementsInCurrentOnly>
<bounds x="1685" y="1044" width="140" height="47"/>
</OView>
<OView class="oracle.dbtools.crest.swingui.logical.TVEntity" oid="A4DD0204-6139-2EC1-AEAE-E042A8A30506" otype="Entity" vid="9EDEAECB-089A-0047-9A44-28DB7D7A48F3">
<hideElementsInCurrentOnly>false</hideElementsInCurrentOnly>
<bounds x="1750" y="702" width="170" height="36"/>
</OView>
<OView class="oracle.dbtools.crest.swingui.logical.TVEntity" oid="B010327E-2821-4D38-9C51-5F584BD67CF3" otype="Entity" vid="4C978D62-D8A5-D21E-4D3B-3229F3B67228">
<hideElementsInCurrentOnly>false</hideElementsInCurrentOnly>
<bounds x="1254" y="718" width="107" height="110"/>
</OView>
<OView class="oracle.dbtools.crest.swingui.logical.TVEntity" oid="B1E7FB30-41C6-E1C0-8316-0E2C4652E887" otype="Entity" vid="B65A585E-8185-F5AF-D347-7FBC4E9F9AEA">
<hideElementsInCurrentOnly>false</hideElementsInCurrentOnly>
<bounds x="2058" y="1369" width="135" height="82"/>
</OView>
<OView class="oracle.dbtools.crest.swingui.logical.TVEntity" oid="BB9EE0AF-6B8C-5763-C7F1-C73C4E639CFB" otype="Entity" vid="B468B386-75E9-07D7-D62C-95F9F6EA1A09">
<hideElementsInCurrentOnly>false</hideElementsInCurrentOnly>
<bounds x="1608" y="457" width="123" height="51"/>
</OView>
<OView class="oracle.dbtools.crest.swingui.logical.TVEntity" oid="C019879D-4C50-8C09-071D-5BF9698C8C38" otype="Entity" vid="02955B2C-3BA8-62A9-6E50-CB9467DFEAB6">
<hideElementsInCurrentOnly>false</hideElementsInCurrentOnly>
<bounds x="827" y="999" width="170" height="63"/>
</OView>
<OView class="oracle.dbtools.crest.swingui.logical.TVEntity" oid="C8761893-FA12-0B41-FE2A-7BDD96CB307F" otype="Entity" vid="D8017CC2-48D1-705B-B449-2CED61C2A117">
<hideElementsInCurrentOnly>false</hideElementsInCurrentOnly>
<bounds x="2659" y="1300" width="170" height="58"/>
</OView>
<OView class="oracle.dbtools.crest.swingui.logical.TVEntity" oid="CB0201A7-01C1-D795-7AEE-62B6FEE64343" otype="Entity" vid="B7F4DE0C-FDAD-3983-EE4D-C8CDA4AA8BA5">
<hideElementsInCurrentOnly>false</hideElementsInCurrentOnly>
<bounds x="766" y="748" width="153" height="40"/>
</OView>
<OView class="oracle.dbtools.crest.swingui.logical.TVEntity" oid="D0BCCD7A-517E-169A-E5BB-CE7B02160738" otype="Entity" vid="DBAD3CEE-8FFD-753E-5744-C547637A1E19">
<hideElementsInCurrentOnly>false</hideElementsInCurrentOnly>
<bounds x="1762" y="1485" width="170" height="44"/>
</OView>
<OView class="oracle.dbtools.crest.swingui.logical.TVEntity" oid="D1DEDF5F-5F37-77CC-E3C6-C7467A44DDAA" otype="Entity" vid="06DE68FB-98C6-7EEF-8051-E2AB1DDAED21">
<hideElementsInCurrentOnly>false</hideElementsInCurrentOnly>
<bounds x="2097" y="1621" width="119" height="125"/>
</OView>
<OView class="oracle.dbtools.crest.swingui.logical.TVEntity" oid="D2F3148C-D08D-89A1-D3C7-849510FE2076" otype="Entity" vid="C9185704-D4F1-9EBC-B567-5229887DFE29">
<hideElementsInCurrentOnly>false</hideElementsInCurrentOnly>
<bounds x="1948" y="1126" width="170" height="66"/>
</OView>
<OView class="oracle.dbtools.crest.swingui.logical.TVEntity" oid="D90DF6B7-4BD6-F1A2-0BEA-6EE5FB2F5047" otype="Entity" vid="DA5567EF-DE79-6F95-77DD-77E196AC0E50">
<hideElementsInCurrentOnly>false</hideElementsInCurrentOnly>
<bounds x="744" y="1549" width="170" height="60"/>
</OView>
<OView class="oracle.dbtools.crest.swingui.logical.TVEntity" oid="D9DE4328-9CFE-43A9-FA92-EC509F0EF845" otype="Entity" vid="2102DA61-EE71-B796-954C-7CFCAE77C10A">
<hideElementsInCurrentOnly>false</hideElementsInCurrentOnly>
<bounds x="2374" y="748" width="125" height="39"/>
</OView>
<OView class="oracle.dbtools.crest.swingui.logical.TVEntity" oid="DF20ED29-76A9-4407-C79B-03FD0F020282" otype="Entity" vid="04223263-A994-E2A3-DC97-0293F2411186">
<hideElementsInCurrentOnly>false</hideElementsInCurrentOnly>
<bounds x="1405" y="359" width="122" height="59"/>
</OView>
<OView class="oracle.dbtools.crest.swingui.logical.TVEntity" oid="DF89DFEF-EE9A-9C75-78FE-D1831E50C926" otype="Entity" vid="BB94ED32-E4E9-87D8-A888-BBF04E36A8D5">
<hideElementsInCurrentOnly>false</hideElementsInCurrentOnly>
<bounds x="1414" y="433" width="113" height="56"/>
</OView>
<OView class="oracle.dbtools.crest.swingui.logical.TVEntity" oid="DFD61855-CE3D-8826-03A6-A557A72DA47A" otype="Entity" vid="E747AC0C-3165-B71B-70C1-1B62E0A542C4">
<hideElementsInCurrentOnly>false</hideElementsInCurrentOnly>
<bounds x="2335" y="1633" width="123" height="34"/>
</OView>
<OView class="oracle.dbtools.crest.swingui.logical.TVEntity" oid="E3DF92E5-215C-F36F-DCC7-BD21B834043C" otype="Entity" vid="0C0AA5DA-FA6B-D34E-E4D3-633AE37065A7">
<hideElementsInCurrentOnly>false</hideElementsInCurrentOnly>
<bounds x="1659" y="1142" width="123" height="40"/>
</OView>
<OView class="oracle.dbtools.crest.swingui.logical.TVEntity" oid="E6CBCF88-0B6D-1BC3-5DDF-4EA82F1EE4C4" otype="Entity" vid="5C9EB72B-A018-2AF9-61B8-1205BA25AECE">
<hideElementsInCurrentOnly>false</hideElementsInCurrentOnly>
<bounds x="1399" y="1355" width="170" height="59"/>
</OView>
<OView class="oracle.dbtools.crest.swingui.logical.TVEntity" oid="EC66DC8C-1EED-A4A3-6526-FA9B25A717C8" otype="Entity" vid="58E45D40-E564-B10D-5A33-B48CA3AD2D2A">
<hideElementsInCurrentOnly>false</hideElementsInCurrentOnly>
<bounds x="1941" y="1809" width="103" height="55"/>
</OView>
<OView class="oracle.dbtools.crest.swingui.logical.TVEntity" oid="EDCAEABB-11EA-1625-CCD7-0DEACDADAE3B" otype="Entity" vid="70190FF9-D788-06A8-33BE-F6D69F0A9255">
<hideElementsInCurrentOnly>false</hideElementsInCurrentOnly>
<bounds x="2240" y="972" width="134" height="39"/>
</OView>
<OView class="oracle.dbtools.crest.swingui.logical.TVEntity" oid="F3A80B2C-AF16-209E-4390-1E3888724D40" otype="Entity" vid="777FA1EB-246F-2C16-94DE-EA3AAE05DBEF">
<hideElementsInCurrentOnly>false</hideElementsInCurrentOnly>
<bounds x="2642" y="1177" width="139" height="42"/>
</OView>
</objectViews>
<connectors>
<Connector class="oracle.dbtools.crest.swingui.logical.TVRelation" oid="00B63118-8AF5-1351-D8D9-0810251E1EF7" otype="Relation" vid_source="B468B386-75E9-07D7-D62C-95F9F6EA1A09" vid_target="BB94ED32-E4E9-87D8-A888-BBF04E36A8D5">
<hideElementsInCurrentOnly>false</hideElementsInCurrentOnly>
<backgroundColor>-16777216</backgroundColor>
<lineWidth>1</lineWidth>
<points>
<point x="1608" y="488"/>
<point x="1527" y="475"/>
</points>
</Connector>
<Connector class="oracle.dbtools.crest.swingui.logical.TVRelation" oid="061604FA-0B5E-B931-6F50-D24C4C887014" otype="Relation" vid_source="D4410DD0-2991-E651-D32C-B215E92E1FD6" vid_target="FE855422-E00B-B2DC-BA3A-CAFFF481B1B4">
<hideElementsInCurrentOnly>false</hideElementsInCurrentOnly>
<backgroundColor>-16777216</backgroundColor>
<lineWidth>1</lineWidth>
<points>
<point x="2231" y="1512"/>
<point x="2378" y="1512"/>
</points>
</Connector>
<Connector class="oracle.dbtools.crest.swingui.logical.TVRelation" oid="09517DA9-DD11-ACAB-C8B3-3C64880EC6C0" otype="Relation" vid_source="B59C85C4-6024-45C0-3B03-0617BF27AB77" vid_target="74268100-4992-38F5-E588-70E4F8DE9A9B">
<hideElementsInCurrentOnly>false</hideElementsInCurrentOnly>
<backgroundColor>-16777216</backgroundColor>
<lineWidth>1</lineWidth>
<points>
<point x="2120" y="1774"/>
<point x="1934" y="1774"/>
</points>
</Connector>
<Connector class="oracle.dbtools.crest.swingui.logical.TVRelation" oid="0AE69382-4D84-B415-DCD3-46512352A55D" otype="Relation" vid_source="D8017CC2-48D1-705B-B449-2CED61C2A117" vid_target="31EB7DDE-0284-E674-D67C-5C6269C67E94">
<hideElementsInCurrentOnly>false</hideElementsInCurrentOnly>
<backgroundColor>-16777216</backgroundColor>
<lineWidth>1</lineWidth>
<points>
<point x="2744" y="1358"/>
<point x="2744" y="1537"/>
</points>
</Connector>
<Connector class="oracle.dbtools.crest.swingui.logical.TVRelation" oid="0E916D7F-435D-7196-F3C0-367268DC498E" otype="Relation" vid_source="8B30A503-B69B-9E04-7E5A-B9B163E61C81" vid_target="C9185704-D4F1-9EBC-B567-5229887DFE29">
<hideElementsInCurrentOnly>false</hideElementsInCurrentOnly>
<backgroundColor>-16777216</backgroundColor>
<lineWidth>1</lineWidth>
<points>
<point x="2362" y="1174"/>
<point x="2118" y="1174"/>
</points>
</Connector>
<Connector class="oracle.dbtools.crest.swingui.logical.TVRelation" oid="14D8AC2E-D039-27A9-96F1-0B4BE40659FB" otype="Relation" vid_source="4C978D62-D8A5-D21E-4D3B-3229F3B67228" vid_target="1706F586-706B-BDAB-15DD-2AA022C15CB0">
<hideElementsInCurrentOnly>false</hideElementsInCurrentOnly>
<backgroundColor>-16777216</backgroundColor>
<lineWidth>1</lineWidth>
<points>
<point x="1307" y="828"/>
<point x="1307" y="966"/>
</points>
</Connector>
<Connector class="oracle.dbtools.crest.swingui.logical.TVRelation" oid="15FC3CC7-48F4-D1A7-D725-8235CA37B471" otype="Relation" vid_source="5C9EB72B-A018-2AF9-61B8-1205BA25AECE" vid_target="49787DBE-3835-3B1E-8A98-3D7E54C3B9B0">
<hideElementsInCurrentOnly>false</hideElementsInCurrentOnly>
<backgroundColor>-16777216</backgroundColor>
<lineWidth>1</lineWidth>
<points>
<point x="1485" y="1414"/>
<point x="1485" y="1534"/>
</points>
</Connector>
<Connector class="oracle.dbtools.crest.swingui.logical.TVRelation" oid="1817FD46-55B7-DDD7-0919-327C9CFE9C97" otype="Relation" vid_source="82D58731-63C0-DD8C-2AFF-F9B9D10E4819" vid_target="02955B2C-3BA8-62A9-6E50-CB9467DFEAB6">
<hideElementsInCurrentOnly>false</hideElementsInCurrentOnly>
<backgroundColor>-16777216</backgroundColor>
<lineWidth>1</lineWidth>
<points>
<point x="890" y="955"/>
<point x="890" y="999"/>
</points>
</Connector>
<Connector class="oracle.dbtools.crest.swingui.logical.TVRelation" oid="1873203D-960C-69FF-A430-E7616793D17F" otype="Relation" vid_source="31EB7DDE-0284-E674-D67C-5C6269C67E94" vid_target="87F78465-CF6C-D2CB-C6E4-031C6A66A4BD">
<hideElementsInCurrentOnly>false</hideElementsInCurrentOnly>
<backgroundColor>-16777216</backgroundColor>
<lineWidth>1</lineWidth>
<points>
<point x="2695" y="1574"/>
<point x="2592" y="1574"/>
</points>
</Connector>
<Connector class="oracle.dbtools.crest.swingui.logical.TVRelation" oid="1F97BE9E-ED6F-4B47-35F1-872CE697B0F9" otype="Relation" vid_source="4F4E64B2-D298-C203-59FF-1D40624A33D6" vid_target="7610DCF9-94F7-F7F9-639A-F1588F789B31">
<hideElementsInCurrentOnly>false</hideElementsInCurrentOnly>
<backgroundColor>-16777216</backgroundColor>
<lineWidth>1</lineWidth>
<points>
<point x="262" y="1397"/>
<point x="187" y="1397"/>
</points>
</Connector>
<Connector class="oracle.dbtools.crest.swingui.logical.TVRelation" oid="209FF06C-79CA-4464-507E-FA4F1B36240A" otype="Relation" vid_source="4C978D62-D8A5-D21E-4D3B-3229F3B67228" vid_target="E94D7985-D640-8A1D-0029-B7508113DA3B">
<hideElementsInCurrentOnly>false</hideElementsInCurrentOnly>
<backgroundColor>-16777216</backgroundColor>
<lineWidth>1</lineWidth>
<points>
<point x="1361" y="781"/>
<point x="1751" y="846"/>
</points>
</Connector>
<Connector class="oracle.dbtools.crest.swingui.logical.TVRelation" oid="2340D93A-9079-FACF-0C81-D4EC7DA18AD9" otype="Relation" vid_source="B0518E0D-5CB1-32BB-84C6-054D38D8969B" vid_target="BC28DB2A-A497-AC15-1A7C-8272DE2D9B20">
<hideElementsInCurrentOnly>false</hideElementsInCurrentOnly>
<backgroundColor>-16777216</backgroundColor>
<lineWidth>1</lineWidth>
<points>
<point x="2147" y="956"/>
<point x="2517" y="877"/>
</points>
</Connector>
<Connector class="oracle.dbtools.crest.swingui.logical.TVRelation" oid="23632E22-D399-9471-8415-596536505323" otype="Relation" vid_source="B0518E0D-5CB1-32BB-84C6-054D38D8969B" vid_target="70190FF9-D788-06A8-33BE-F6D69F0A9255">
<hideElementsInCurrentOnly>false</hideElementsInCurrentOnly>
<backgroundColor>-16777216</backgroundColor>
<lineWidth>1</lineWidth>
<points>
<point x="2147" y="991"/>
<point x="2240" y="991"/>
</points>
</Connector>
<Connector class="oracle.dbtools.crest.swingui.logical.TVRelation" oid="2535314E-6D2A-1B40-499E-52A388176765" otype="Relation" vid_source="5C9EB72B-A018-2AF9-61B8-1205BA25AECE" vid_target="02955B2C-3BA8-62A9-6E50-CB9467DFEAB6">
<hideElementsInCurrentOnly>false</hideElementsInCurrentOnly>
<backgroundColor>-16777216</backgroundColor>
<lineWidth>1</lineWidth>
<points>
<point x="1436" y="1355"/>
<point x="962" y="1062"/>
</points>
</Connector>
<Connector class="oracle.dbtools.crest.swingui.logical.TVRelation" oid="254B7259-1D89-B300-43A7-546D8BB23B4A" otype="Relation" vid_source="4AB83823-5ED1-B693-5649-70F00D6ACBEC" vid_target="2102DA61-EE71-B796-954C-7CFCAE77C10A">
<hideElementsInCurrentOnly>false</hideElementsInCurrentOnly>
<backgroundColor>-16777216</backgroundColor>
<lineWidth>1</lineWidth>
<points>
<point x="2149" y="780"/>
<point x="2374" y="780"/>
</points>
</Connector>
<Connector class="oracle.dbtools.crest.swingui.logical.TVRelation" oid="29529A03-51C1-66B0-5736-8C9ECF829ACF" otype="Relation" vid_source="64B035CE-DE40-8ADC-9639-ECEF79E44D13" vid_target="0542279E-39B6-237E-635E-8FFE3A3C5C0B">
<hideElementsInCurrentOnly>false</hideElementsInCurrentOnly>
<backgroundColor>-16777216</backgroundColor>
<lineWidth>1</lineWidth>
<points>
<point x="1397" y="1113"/>
<point x="1349" y="1113"/>
</points>
</Connector>
<Connector class="oracle.dbtools.crest.swingui.logical.TVRelation" oid="3068F684-F2E3-8CE0-B983-307F60BD9105" otype="Relation" vid_source="5C9EB72B-A018-2AF9-61B8-1205BA25AECE" vid_target="A2A5C248-D044-D2EB-E1DA-39EA9C607FED">
<hideElementsInCurrentOnly>false</hideElementsInCurrentOnly>
<backgroundColor>-16777216</backgroundColor>
<lineWidth>1</lineWidth>
<points>
<point x="1399" y="1370"/>
<point x="425" y="916"/>
</points>
</Connector>
<Connector class="oracle.dbtools.crest.swingui.logical.TVRelation" oid="344A7ED0-F286-A0CB-DB03-723DBE6FA584" otype="Relation" vid_source="F8F8BE4A-D7FE-5848-17D8-2C2EB8C5190A" vid_target="B59C85C4-6024-45C0-3B03-0617BF27AB77">
<hideElementsInCurrentOnly>false</hideElementsInCurrentOnly>
<backgroundColor>-16777216</backgroundColor>
<lineWidth>1</lineWidth>
<points>
<point x="1947" y="1918"/>
<point x="2120" y="1881"/>
</points>
</Connector>
<Connector class="oracle.dbtools.crest.swingui.logical.TVRelation" oid="36E93706-EDF5-4ED9-8DF7-A9E5717E3C84" otype="Relation" vid_source="732CF956-0741-6F41-5AAE-108C1EDAD395" vid_target="2ECD18B8-43BC-C65D-E79E-51D6D65C79A2">
<hideElementsInCurrentOnly>false</hideElementsInCurrentOnly>
<backgroundColor>-16777216</backgroundColor>
<lineWidth>1</lineWidth>
<points>
<point x="1392" y="316"/>
<point x="1272" y="316"/>
</points>
</Connector>
<Connector class="oracle.dbtools.crest.swingui.logical.TVRelation" oid="382751F0-4EFE-6707-A8CA-531EF4C0100A" otype="Relation" vid_source="9C089125-FD0E-D90A-2994-B5D11F4CACB9" vid_target="9EDEAECB-089A-0047-9A44-28DB7D7A48F3">
<hideElementsInCurrentOnly>false</hideElementsInCurrentOnly>
<backgroundColor>-16777216</backgroundColor>
<lineWidth>1</lineWidth>
<points>
<point x="2024" y="720"/>
<point x="1920" y="720"/>
</points>
</Connector>
<Connector class="oracle.dbtools.crest.swingui.logical.TVRelation" oid="3BB506A5-BF62-4762-1009-7B49B49B082A" otype="Relation" vid_source="8CDFA570-8A09-A01C-6EBB-8148AFBA0762" vid_target="0C0AA5DA-FA6B-D34E-E4D3-633AE37065A7">
<hideElementsInCurrentOnly>false</hideElementsInCurrentOnly>
<backgroundColor>-16777216</backgroundColor>
<lineWidth>1</lineWidth>
<points>
<point x="1945" y="1233"/>
<point x="1782" y="1181"/>
</points>
</Connector>
<Connector class="oracle.dbtools.crest.swingui.logical.TVRelation" oid="3F0C72B0-735E-6F09-C484-8609F6132397" otype="Relation" vid_source="0585DB34-A99F-739F-7220-32A2F78DF6A7" vid_target="0EAC0348-638B-5343-F4C5-752814A9CAD0">
<hideElementsInCurrentOnly>false</hideElementsInCurrentOnly>
<backgroundColor>-16777216</backgroundColor>
<lineWidth>1</lineWidth>
<points>
<point x="1821" y="1985"/>
<point x="1583" y="1985"/>
</points>
</Connector>
<Connector class="oracle.dbtools.crest.swingui.logical.TVRelation" oid="3FE26AE5-06A8-D22D-7295-C43602E0EABE" otype="Relation" vid_source="175A63CB-AC0F-E4A6-2337-983AFDFE9A47" vid_target="AB05632B-BD80-21F3-1A7B-162B2BD479B7">
<hideElementsInCurrentOnly>false</hideElementsInCurrentOnly>
<backgroundColor>-16777216</backgroundColor>
<lineWidth>1</lineWidth>
<points>
<point x="2216" y="2035"/>
<point x="1412" y="2035"/>
</points>
</Connector>
<Connector class="oracle.dbtools.crest.swingui.logical.TVRelation" oid="434FDA75-9191-6CDD-B363-6FC59551C07D" otype="Relation" vid_source="4C978D62-D8A5-D21E-4D3B-3229F3B67228" vid_target="64B035CE-DE40-8ADC-9639-ECEF79E44D13">
<hideElementsInCurrentOnly>false</hideElementsInCurrentOnly>
<backgroundColor>-16777216</backgroundColor>
<lineWidth>1</lineWidth>
<points>
<point x="1334" y="828"/>
<point x="1464" y="1095"/>
</points>
</Connector>
<Connector class="oracle.dbtools.crest.swingui.logical.TVRelation" oid="4AD4D5E9-E65C-188E-7842-9CCB5D3FD898" otype="Relation" vid_source="4C978D62-D8A5-D21E-4D3B-3229F3B67228" vid_target="9EDEAECB-089A-0047-9A44-28DB7D7A48F3">
<hideElementsInCurrentOnly>false</hideElementsInCurrentOnly>
<backgroundColor>-16777216</backgroundColor>
<lineWidth>1</lineWidth>
<points>
<point x="1361" y="728"/>
<point x="1750" y="728"/>
</points>
</Connector>
<Connector class="oracle.dbtools.crest.swingui.logical.TVRelation" oid="4B4D5FAC-F341-B658-C8D2-4D83CFFABAAD" otype="Relation" vid_source="3BF8ED4F-1D4F-C2C4-3AA4-6709706105C1" vid_target="BC28DB2A-A497-AC15-1A7C-8272DE2D9B20">
<hideElementsInCurrentOnly>false</hideElementsInCurrentOnly>
<backgroundColor>-16777216</backgroundColor>
<lineWidth>1</lineWidth>
<points>
<point x="2593" y="660"/>
<point x="2593" y="844"/>
</points>
</Connector>
<Connector class="oracle.dbtools.crest.swingui.logical.TVRelation" oid="4E04A4EC-E226-AB9C-B55A-729E8BB1539D" otype="Relation" vid_source="04223263-A994-E2A3-DC97-0293F2411186" vid_target="2ECD18B8-43BC-C65D-E79E-51D6D65C79A2">
<hideElementsInCurrentOnly>false</hideElementsInCurrentOnly>
<backgroundColor>-16777216</backgroundColor>
<lineWidth>1</lineWidth>
<points>
<point x="1405" y="388"/>
<point x="1272" y="388"/>
</points>
</Connector>
<Connector class="oracle.dbtools.crest.swingui.logical.TVRelation" oid="4FF78E22-9523-DA2A-DE30-1FFB797F8E80" otype="Relation" vid_source="07ACC7DC-1464-0989-8CED-ABF771E4018A" vid_target="FAD9E307-7864-1F22-ABDA-E179AC703A46">
<hideElementsInCurrentOnly>false</hideElementsInCurrentOnly>
<backgroundColor>-16777216</backgroundColor>
<lineWidth>1</lineWidth>
<points>
<point x="227" y="1099"/>
<point x="736" y="1181"/>
</points>
</Connector>
<Connector class="oracle.dbtools.crest.swingui.logical.TVRelation" oid="50D8558A-6BD9-7415-4137-87EC39A2EFB2" otype="Relation" vid_source="2ECD18B8-43BC-C65D-E79E-51D6D65C79A2" vid_target="A2A5C248-D044-D2EB-E1DA-39EA9C607FED">
<hideElementsInCurrentOnly>false</hideElementsInCurrentOnly>
<backgroundColor>-16777216</backgroundColor>
<lineWidth>1</lineWidth>
<points>
<point x="1102" y="405"/>
<point x="411" y="845"/>
</points>
</Connector>
<Connector class="oracle.dbtools.crest.swingui.logical.TVRelation" oid="538A2217-2016-63A7-84E6-2E9C41986C23" otype="Relation" vid_source="0DF381FE-97D5-4330-B8C0-1F4B41ED0435" vid_target="FAD9E307-7864-1F22-ABDA-E179AC703A46">
<hideElementsInCurrentOnly>false</hideElementsInCurrentOnly>
<backgroundColor>-16777216</backgroundColor>
<lineWidth>1</lineWidth>
<points>
<point x="421" y="1286"/>
<point x="736" y="1231"/>
</points>
</Connector>
<Connector class="oracle.dbtools.crest.swingui.logical.TVRelation" oid="574BB279-899A-2AB9-7A0F-F1DF789C64C5" otype="Relation" vid_source="75A8065B-F390-3880-49BF-62896C9B4CBA" vid_target="36486309-DC94-A0B5-1B21-52A942BF27B9">
<hideElementsInCurrentOnly>false</hideElementsInCurrentOnly>
<backgroundColor>-16777216</backgroundColor>
<lineWidth>1</lineWidth>
<points>
<point x="2046" y="572"/>
<point x="1955" y="612"/>
</points>
</Connector>
<Connector class="oracle.dbtools.crest.swingui.logical.TVRelation" oid="577E80C7-D5F8-3430-0370-1802D7FFC654" otype="Relation" vid_source="8B30A503-B69B-9E04-7E5A-B9B163E61C81" vid_target="777FA1EB-246F-2C16-94DE-EA3AAE05DBEF">
<hideElementsInCurrentOnly>false</hideElementsInCurrentOnly>
<backgroundColor>-16777216</backgroundColor>
<lineWidth>1</lineWidth>
<points>
<point x="2489" y="1198"/>
<point x="2642" y="1198"/>
</points>
</Connector>
<Connector class="oracle.dbtools.crest.swingui.logical.TVRelation" oid="5A0C8D58-2E06-09BE-E278-78C6EE506096" otype="Relation" vid_source="31EB7DDE-0284-E674-D67C-5C6269C67E94" vid_target="E405BCA2-256C-5707-219B-D354BA1BDF9F">
<hideElementsInCurrentOnly>false</hideElementsInCurrentOnly>
<backgroundColor>-16777216</backgroundColor>
<lineWidth>1</lineWidth>
<points>
<point x="2708" y="1640"/>
<point x="2529" y="1904"/>
</points>
</Connector>
<Connector class="oracle.dbtools.crest.swingui.logical.TVRelation" oid="5A3C71AF-D953-7259-7D3A-CED95197230D" otype="Relation" vid_source="06DE68FB-98C6-7EEF-8051-E2AB1DDAED21" vid_target="74268100-4992-38F5-E588-70E4F8DE9A9B">
<hideElementsInCurrentOnly>false</hideElementsInCurrentOnly>
<backgroundColor>-16777216</backgroundColor>
<lineWidth>1</lineWidth>
<points>
<point x="2097" y="1737"/>
<point x="1934" y="1737"/>
</points>
</Connector>
<Connector class="oracle.dbtools.crest.swingui.logical.TVRelation" oid="5D815FF4-EC1D-D7D4-43B5-62CAC6BD491E" otype="Relation" vid_source="31EB7DDE-0284-E674-D67C-5C6269C67E94" vid_target="F30F210E-62D8-266E-9225-8F4EF30B4933">
<hideElementsInCurrentOnly>false</hideElementsInCurrentOnly>
<backgroundColor>-16777216</backgroundColor>
<lineWidth>1</lineWidth>
<points>
<point x="2703" y="1537"/>
<point x="2614" y="1423"/>
</points>
</Connector>
<Connector class="oracle.dbtools.crest.swingui.logical.TVRelation" oid="5E595912-1466-B438-5588-B15D2011E52C" otype="Relation" vid_source="D05DDD11-AFF7-F790-C2A5-08B68AE9189D" vid_target="2ECD18B8-43BC-C65D-E79E-51D6D65C79A2">
<hideElementsInCurrentOnly>false</hideElementsInCurrentOnly>
<backgroundColor>-16777216</backgroundColor>
<lineWidth>1</lineWidth>
<points>
<point x="1390" y="244"/>
<point x="1272" y="244"/>
</points>
</Connector>
<Connector class="oracle.dbtools.crest.swingui.logical.TVRelation" oid="5E60B8F9-FFCF-9280-160D-C1AF94CF4BE9" otype="Relation" vid_source="06DE68FB-98C6-7EEF-8051-E2AB1DDAED21" vid_target="BBE70162-97AB-74A1-53BA-98AF49973019">
<hideElementsInCurrentOnly>false</hideElementsInCurrentOnly>
<backgroundColor>-16777216</backgroundColor>
<lineWidth>1</lineWidth>
<points>
<point x="2097" y="1655"/>
<point x="1976" y="1655"/>
</points>
</Connector>
<Connector class="oracle.dbtools.crest.swingui.logical.TVRelation" oid="5EE55BCB-6E89-506E-D4EC-3F711FD651BA" otype="Relation" vid_source="49787DBE-3835-3B1E-8A98-3D7E54C3B9B0" vid_target="277E89A2-EA40-12D5-EA20-E58EFC88BA55">
<hideElementsInCurrentOnly>false</hideElementsInCurrentOnly>
<backgroundColor>-16777216</backgroundColor>
<lineWidth>1</lineWidth>
<points>
<point x="1401" y="1557"/>
<point x="793" y="1336"/>
</points>
</Connector>
<Connector class="oracle.dbtools.crest.swingui.logical.TVRelation" oid="613AA7A3-7738-F8A5-B0F5-0DEC05E8D116" otype="Relation" vid_source="4C978D62-D8A5-D21E-4D3B-3229F3B67228" vid_target="B2363610-F0DE-3035-5B91-1D8D260A65AA">
<hideElementsInCurrentOnly>false</hideElementsInCurrentOnly>
<backgroundColor>-16777216</backgroundColor>
<lineWidth>1</lineWidth>
<points>
<point x="1361" y="793"/>
<point x="1761" y="974"/>
</points>
</Connector>
<Connector class="oracle.dbtools.crest.swingui.logical.TVRelation" oid="621DCEEE-6CE8-79C0-4B56-6477C02B14E7" otype="Relation" vid_source="D4410DD0-2991-E651-D32C-B215E92E1FD6" vid_target="07F2A4AE-8E90-BB34-09F7-9B42E8566778">
<hideElementsInCurrentOnly>false</hideElementsInCurrentOnly>
<backgroundColor>-16777216</backgroundColor>
<lineWidth>1</lineWidth>
<points>
<point x="2061" y="1573"/>
<point x="1932" y="1573"/>
</points>
</Connector>
<Connector class="oracle.dbtools.crest.swingui.logical.TVRelation" oid="628CE7B8-2013-AECB-B1C3-EA026C7BAD89" otype="Relation" vid_source="A2A5C248-D044-D2EB-E1DA-39EA9C607FED" vid_target="277E89A2-EA40-12D5-EA20-E58EFC88BA55">
<hideElementsInCurrentOnly>false</hideElementsInCurrentOnly>
<backgroundColor>-16777216</backgroundColor>
<lineWidth>1</lineWidth>
<points>
<point x="382" y="922"/>
<point x="708" y="1325"/>
</points>
</Connector>
<Connector class="oracle.dbtools.crest.swingui.logical.TVRelation" oid="6396914C-D0D4-71A8-65C0-7F33EEB34D39" otype="Relation" vid_source="1706F586-706B-BDAB-15DD-2AA022C15CB0" vid_target="0542279E-39B6-237E-635E-8FFE3A3C5C0B">
<hideElementsInCurrentOnly>false</hideElementsInCurrentOnly>
<backgroundColor>-16777216</backgroundColor>
<lineWidth>1</lineWidth>
<points>
<point x="1268" y="1045"/>
<point x="1268" y="1092"/>
</points>
</Connector>
<Connector class="oracle.dbtools.crest.swingui.logical.TVRelation" oid="63B31D09-DF38-4436-8682-54FB80106989" otype="Relation" vid_source="175A63CB-AC0F-E4A6-2337-983AFDFE9A47" vid_target="AAF1C522-2EC8-92B9-4DAC-0176B2CC2D10">
<hideElementsInCurrentOnly>false</hideElementsInCurrentOnly>
<backgroundColor>-16777216</backgroundColor>
<lineWidth>1</lineWidth>
<points>
<point x="2386" y="2022"/>
<point x="2520" y="2022"/>
</points>
</Connector>
<Connector class="oracle.dbtools.crest.swingui.logical.TVRelation" oid="646B5D6E-BC0D-D5C9-6039-3EBDCA35F949" otype="Relation" vid_source="99A7D3A0-6237-9E4D-84D1-8596DA1FAECD" vid_target="A2A5C248-D044-D2EB-E1DA-39EA9C607FED">
<hideElementsInCurrentOnly>false</hideElementsInCurrentOnly>
<backgroundColor>-16777216</backgroundColor>
<lineWidth>1</lineWidth>
<points>
<point x="295" y="1185"/>
<point x="295" y="922"/>
</points>
</Connector>
<Connector class="oracle.dbtools.crest.swingui.logical.TVRelation" oid="67B1DF24-3D9B-B85F-A3EC-035BBF12E989" otype="Relation" vid_source="07ACC7DC-1464-0989-8CED-ABF771E4018A" vid_target="A71A7770-5750-208E-5373-76DEA31DA802">
<hideElementsInCurrentOnly>false</hideElementsInCurrentOnly>
<backgroundColor>-16777216</backgroundColor>
<lineWidth>1</lineWidth>
<points>
<point x="158" y="1117"/>
<point x="158" y="1163"/>
</points>
</Connector>
<Connector class="oracle.dbtools.crest.swingui.logical.TVRelation" oid="6A325B2B-039F-9D6C-6490-7EE861B5FB77" otype="Relation" vid_source="A7F3E5A7-03DC-D645-0BCD-BEDFA52FECD4" vid_target="70190FF9-D788-06A8-33BE-F6D69F0A9255">
<hideElementsInCurrentOnly>false</hideElementsInCurrentOnly>
<backgroundColor>-16777216</backgroundColor>
<lineWidth>1</lineWidth>
<points>
<point x="2435" y="991"/>
<point x="2374" y="991"/>
</points>
</Connector>
<Connector class="oracle.dbtools.crest.swingui.logical.TVRelation" oid="6B52D338-3E7D-0177-97CE-60D319552338" otype="Relation" vid_source="07ACC7DC-1464-0989-8CED-ABF771E4018A" vid_target="A2A5C248-D044-D2EB-E1DA-39EA9C607FED">
<hideElementsInCurrentOnly>false</hideElementsInCurrentOnly>
<backgroundColor>-16777216</backgroundColor>
<lineWidth>1</lineWidth>
<points>
<point x="200" y="1066"/>
<point x="277" y="885"/>
</points>
</Connector>
<Connector class="oracle.dbtools.crest.swingui.logical.TVRelation" oid="6D3D4EE5-3776-6CA3-D664-851BC201038D" otype="Relation" vid_source="B59C85C4-6024-45C0-3B03-0617BF27AB77" vid_target="D9CBD713-4AA2-40DC-4BA7-E95D9704A756">
<hideElementsInCurrentOnly>false</hideElementsInCurrentOnly>
<backgroundColor>-16777216</backgroundColor>
<lineWidth>1</lineWidth>
<points>
<point x="2260" y="1769"/>
<point x="2366" y="1769"/>
</points>
</Connector>
<Connector class="oracle.dbtools.crest.swingui.logical.TVRelation" oid="6F0B5EA0-A852-9406-06F7-5C66B6908975" otype="Relation" vid_source="C9185704-D4F1-9EBC-B567-5229887DFE29" vid_target="0E06B939-5DC0-F361-1D56-3ADCA888B21D">
<hideElementsInCurrentOnly>false</hideElementsInCurrentOnly>
<backgroundColor>-16777216</backgroundColor>
<lineWidth>1</lineWidth>
<points>
<point x="1948" y="1164"/>
<point x="1825" y="1067"/>
</points>
</Connector>
<Connector class="oracle.dbtools.crest.swingui.logical.TVRelation" oid="6FC66528-107D-BE2B-C488-F4998D876505" otype="Relation" vid_source="D8017CC2-48D1-705B-B449-2CED61C2A117" vid_target="777FA1EB-246F-2C16-94DE-EA3AAE05DBEF">
<hideElementsInCurrentOnly>false</hideElementsInCurrentOnly>
<backgroundColor>-16777216</backgroundColor>
<lineWidth>1</lineWidth>
<points>
<point x="2720" y="1300"/>
<point x="2720" y="1219"/>
</points>
</Connector>
<Connector class="oracle.dbtools.crest.swingui.logical.TVRelation" oid="75429474-D69D-0141-FF29-21008F1E4346" otype="Relation" vid_source="3BF8ED4F-1D4F-C2C4-3AA4-6709706105C1" vid_target="31559CDA-0349-F1A2-8225-249A590A6522">
<hideElementsInCurrentOnly>false</hideElementsInCurrentOnly>
<backgroundColor>-16777216</backgroundColor>
<lineWidth>1</lineWidth>
<points>
<point x="2539" y="656"/>
<point x="2405" y="685"/>
</points>
</Connector>
<Connector class="oracle.dbtools.crest.swingui.logical.TVRelation" oid="788BEA91-575F-1673-E67A-D284ED7CF8DD" otype="Relation" vid_source="4C978D62-D8A5-D21E-4D3B-3229F3B67228" vid_target="02955B2C-3BA8-62A9-6E50-CB9467DFEAB6">
<hideElementsInCurrentOnly>false</hideElementsInCurrentOnly>
<backgroundColor>-16777216</backgroundColor>
<lineWidth>1</lineWidth>
<points>
<point x="1254" y="807"/>
<point x="960" y="999"/>
</points>
</Connector>
<Connector class="oracle.dbtools.crest.swingui.logical.TVRelation" oid="7CDE2681-7A97-A045-50BA-888E821242BA" otype="Relation" vid_source="BB94ED32-E4E9-87D8-A888-BBF04E36A8D5" vid_target="2ECD18B8-43BC-C65D-E79E-51D6D65C79A2">
<hideElementsInCurrentOnly>false</hideElementsInCurrentOnly>
<backgroundColor>-16777216</backgroundColor>
<lineWidth>1</lineWidth>
<points>
<point x="1414" y="447"/>
<point x="1272" y="447"/>
</points>
</Connector>
<Connector class="oracle.dbtools.crest.swingui.logical.TVRelation" oid="80FFE038-3D85-F707-FACC-8BCAA29B23F4" otype="Relation" vid_source="4C978D62-D8A5-D21E-4D3B-3229F3B67228" vid_target="0C0AA5DA-FA6B-D34E-E4D3-633AE37065A7">
<hideElementsInCurrentOnly>false</hideElementsInCurrentOnly>
<backgroundColor>-16777216</backgroundColor>
<lineWidth>1</lineWidth>
<points>
<point x="1361" y="823"/>
<point x="1659" y="1161"/>
</points>
</Connector>
<Connector class="oracle.dbtools.crest.swingui.logical.TVRelation" oid="837B1BBD-78A4-B690-E6A9-3BD504B73E5A" otype="Relation" vid_source="0585DB34-A99F-739F-7220-32A2F78DF6A7" vid_target="E405BCA2-256C-5707-219B-D354BA1BDF9F">
<hideElementsInCurrentOnly>false</hideElementsInCurrentOnly>
<backgroundColor>-16777216</backgroundColor>
<lineWidth>1</lineWidth>
<points>
<point x="1955" y="1988"/>
<point x="2451" y="1933"/>
</points>
</Connector>
<Connector class="oracle.dbtools.crest.swingui.logical.TVRelation" oid="83C53055-CBE1-C07A-B412-81BD6CE7A9F4" otype="Relation" vid_source="06DE68FB-98C6-7EEF-8051-E2AB1DDAED21" vid_target="E747AC0C-3165-B71B-70C1-1B62E0A542C4">
<hideElementsInCurrentOnly>false</hideElementsInCurrentOnly>
<backgroundColor>-16777216</backgroundColor>
<lineWidth>1</lineWidth>
<points>
<point x="2216" y="1650"/>
<point x="2335" y="1650"/>
</points>
</Connector>
<Connector class="oracle.dbtools.crest.swingui.logical.TVRelation" oid="853E85CF-6FB3-02B8-CE58-22B9FD46797D" otype="Relation" vid_source="99A7D3A0-6237-9E4D-84D1-8596DA1FAECD" vid_target="A71A7770-5750-208E-5373-76DEA31DA802">
<hideElementsInCurrentOnly>false</hideElementsInCurrentOnly>
<backgroundColor>-16777216</backgroundColor>
<lineWidth>1</lineWidth>
<points>
<point x="216" y="1210"/>
<point x="184" y="1210"/>
</points>
</Connector>
<Connector class="oracle.dbtools.crest.swingui.logical.TVRelation" oid="85730C65-EA4C-B09C-9814-9CABCF186E8F" otype="Relation" vid_source="B65A585E-8185-F5AF-D347-7FBC4E9F9AEA" vid_target="F30F210E-62D8-266E-9225-8F4EF30B4933">
<hideElementsInCurrentOnly>false</hideElementsInCurrentOnly>
<backgroundColor>-16777216</backgroundColor>
<lineWidth>1</lineWidth>
<points>
<point x="2193" y="1404"/>
<point x="2515" y="1404"/>
</points>
</Connector>
<Connector class="oracle.dbtools.crest.swingui.logical.TVRelation" oid="8918E4AD-19AA-2977-BBF8-3530480A86ED" otype="Relation" vid_source="5C9EB72B-A018-2AF9-61B8-1205BA25AECE" vid_target="64B035CE-DE40-8ADC-9639-ECEF79E44D13">
<hideElementsInCurrentOnly>false</hideElementsInCurrentOnly>
<backgroundColor>-16777216</backgroundColor>
<lineWidth>1</lineWidth>
<points>
<point x="1483" y="1355"/>
<point x="1483" y="1167"/>
</points>
</Connector>
<Connector class="oracle.dbtools.crest.swingui.logical.TVRelation" oid="9A73F752-9A4A-85C4-49B3-39B60C2BA25F" otype="Relation" vid_source="9C089125-FD0E-D90A-2994-B5D11F4CACB9" vid_target="31559CDA-0349-F1A2-8225-249A590A6522">
<hideElementsInCurrentOnly>false</hideElementsInCurrentOnly>
<backgroundColor>-16777216</backgroundColor>
<lineWidth>1</lineWidth>
<points>
<point x="2166" y="702"/>
<point x="2256" y="702"/>
</points>
</Connector>
<Connector class="oracle.dbtools.crest.swingui.logical.TVRelation" oid="9B1AF714-FB5A-8378-0283-180CF354C77D" otype="Relation" vid_source="4C978D62-D8A5-D21E-4D3B-3229F3B67228" vid_target="B7F4DE0C-FDAD-3983-EE4D-C8CDA4AA8BA5">
<hideElementsInCurrentOnly>false</hideElementsInCurrentOnly>
<backgroundColor>-16777216</backgroundColor>
<lineWidth>1</lineWidth>
<points>
<point x="1254" y="768"/>
<point x="919" y="768"/>
</points>
</Connector>
<Connector class="oracle.dbtools.crest.swingui.logical.TVRelation" oid="9D22AFD0-BF19-6C57-1156-BE51BBEBBDA7" otype="Relation" vid_source="D4410DD0-2991-E651-D32C-B215E92E1FD6" vid_target="87F78465-CF6C-D2CB-C6E4-031C6A66A4BD">
<hideElementsInCurrentOnly>false</hideElementsInCurrentOnly>
<backgroundColor>-16777216</backgroundColor>
<lineWidth>1</lineWidth>
<points>
<point x="2231" y="1564"/>
<point x="2444" y="1564"/>
</points>
</Connector>
<Connector class="oracle.dbtools.crest.swingui.logical.TVRelation" oid="9E36D4D1-769E-F419-6816-A5BCBEA9C5D9" otype="Relation" vid_source="49787DBE-3835-3B1E-8A98-3D7E54C3B9B0" vid_target="F8F8BE4A-D7FE-5848-17D8-2C2EB8C5190A">
<hideElementsInCurrentOnly>false</hideElementsInCurrentOnly>
<backgroundColor>-16777216</backgroundColor>
<lineWidth>1</lineWidth>
<points>
<point x="1515" y="1587"/>
<point x="1854" y="1891"/>
</points>
</Connector>
<Connector class="oracle.dbtools.crest.swingui.logical.TVRelation" oid="A7C5DB14-3A44-B189-28AE-68C6452C5809" otype="Relation" vid_source="FAD9E307-7864-1F22-ABDA-E179AC703A46" vid_target="1DB337CF-F268-76C7-EDC4-BB3042127285">
<hideElementsInCurrentOnly>false</hideElementsInCurrentOnly>
<backgroundColor>-16777216</backgroundColor>
<lineWidth>1</lineWidth>
<points>
<point x="807" y="1154"/>
<point x="673" y="952"/>
</points>
</Connector>
<Connector class="oracle.dbtools.crest.swingui.logical.TVRelation" oid="A8AFE4AC-E68E-BE71-6C9E-991DD83746FD" otype="Relation" vid_source="49787DBE-3835-3B1E-8A98-3D7E54C3B9B0" vid_target="AB05632B-BD80-21F3-1A7B-162B2BD479B7">
<hideElementsInCurrentOnly>false</hideElementsInCurrentOnly>
<backgroundColor>-16777216</backgroundColor>
<lineWidth>1</lineWidth>
<points>
<point x="1452" y="1587"/>
<point x="1361" y="2013"/>
</points>
</Connector>
<Connector class="oracle.dbtools.crest.swingui.logical.TVRelation" oid="AB91B9CC-5BBC-90CA-C5C4-5833E24D34AB" otype="Relation" vid_source="3BF8ED4F-1D4F-C2C4-3AA4-6709706105C1" vid_target="2102DA61-EE71-B796-954C-7CFCAE77C10A">
<hideElementsInCurrentOnly>false</hideElementsInCurrentOnly>
<backgroundColor>-16777216</backgroundColor>
<lineWidth>1</lineWidth>
<points>
<point x="2582" y="660"/>
<point x="2463" y="748"/>
</points>
</Connector>
<Connector class="oracle.dbtools.crest.swingui.logical.TVRelation" oid="ABAC70FC-C0B5-0942-F9FA-9ABC0E6E296E" otype="Relation" vid_source="31EB7DDE-0284-E674-D67C-5C6269C67E94" vid_target="D9CBD713-4AA2-40DC-4BA7-E95D9704A756">
<hideElementsInCurrentOnly>false</hideElementsInCurrentOnly>
<backgroundColor>-16777216</backgroundColor>
<lineWidth>1</lineWidth>
<points>
<point x="2695" y="1614"/>
<point x="2455" y="1741"/>
</points>
</Connector>
<Connector class="oracle.dbtools.crest.swingui.logical.TVRelation" oid="AC85DDE3-DF70-3F9B-44D5-96B354B522A9" otype="Relation" vid_source="75A8065B-F390-3880-49BF-62896C9B4CBA" vid_target="3BF8ED4F-1D4F-C2C4-3AA4-6709706105C1">
<hideElementsInCurrentOnly>false</hideElementsInCurrentOnly>
<backgroundColor>-16777216</backgroundColor>
<lineWidth>1</lineWidth>
<points>
<point x="2176" y="578"/>
<point x="2539" y="638"/>
</points>
</Connector>
<Connector class="oracle.dbtools.crest.swingui.logical.TVRelation" oid="AD5EA35A-AD9A-EEF3-1711-6681838C9756" otype="Relation" vid_source="58E45D40-E564-B10D-5A33-B48CA3AD2D2A" vid_target="B59C85C4-6024-45C0-3B03-0617BF27AB77">
<hideElementsInCurrentOnly>false</hideElementsInCurrentOnly>
<backgroundColor>-16777216</backgroundColor>
<lineWidth>1</lineWidth>
<points>
<point x="2044" y="1836"/>
<point x="2120" y="1836"/>
</points>
</Connector>
<Connector class="oracle.dbtools.crest.swingui.logical.TVRelation" oid="ADE3CD93-6EE7-0F16-3F76-2FFB9F5A8CA0" otype="Relation" vid_source="4C978D62-D8A5-D21E-4D3B-3229F3B67228" vid_target="1DB337CF-F268-76C7-EDC4-BB3042127285">
<hideElementsInCurrentOnly>false</hideElementsInCurrentOnly>
<backgroundColor>-16777216</backgroundColor>
<lineWidth>1</lineWidth>
<points>
<point x="1254" y="786"/>
<point x="744" y="912"/>
</points>
</Connector>
<Connector class="oracle.dbtools.crest.swingui.logical.TVRelation" oid="AE58D90F-5288-AC31-DBB5-A244E99308BF" otype="Relation" vid_source="49787DBE-3835-3B1E-8A98-3D7E54C3B9B0" vid_target="BBE70162-97AB-74A1-53BA-98AF49973019">
<hideElementsInCurrentOnly>false</hideElementsInCurrentOnly>
<backgroundColor>-16777216</backgroundColor>
<lineWidth>1</lineWidth>
<points>
<point x="1571" y="1580"/>
<point x="1806" y="1656"/>
</points>
</Connector>
<Connector class="oracle.dbtools.crest.swingui.logical.TVRelation" oid="B2EFCA6C-3D3C-1855-ED5D-FA48A9FA3510" otype="Relation" vid_source="49787DBE-3835-3B1E-8A98-3D7E54C3B9B0" vid_target="0EAC0348-638B-5343-F4C5-752814A9CAD0">
<hideElementsInCurrentOnly>false</hideElementsInCurrentOnly>
<backgroundColor>-16777216</backgroundColor>
<lineWidth>1</lineWidth>
<points>
<point x="1504" y="1587"/>
<point x="1504" y="1962"/>
</points>
</Connector>
<Connector class="oracle.dbtools.crest.swingui.logical.TVRelation" oid="B81C2581-1EC0-3000-2D72-C8F3A2F212EB" otype="Relation" vid_source="A71A7770-5750-208E-5373-76DEA31DA802" vid_target="7610DCF9-94F7-F7F9-639A-F1588F789B31">
<hideElementsInCurrentOnly>false</hideElementsInCurrentOnly>
<backgroundColor>-16777216</backgroundColor>
<lineWidth>1</lineWidth>
<points>
<point x="116" y="1244"/>
<point x="116" y="1358"/>
</points>
</Connector>
<Connector class="oracle.dbtools.crest.swingui.logical.TVRelation" oid="B9209A10-5B9B-AEC5-122A-6A3EAC773AA3" otype="Relation" vid_source="4C978D62-D8A5-D21E-4D3B-3229F3B67228" vid_target="0E06B939-5DC0-F361-1D56-3ADCA888B21D">
<hideElementsInCurrentOnly>false</hideElementsInCurrentOnly>
<backgroundColor>-16777216</backgroundColor>
<lineWidth>1</lineWidth>
<points>
<point x="1361" y="808"/>
<point x="1685" y="1062"/>
</points>
</Connector>
<Connector class="oracle.dbtools.crest.swingui.logical.TVRelation" oid="B92225FA-3B33-3DD9-952E-F64740096BEF" otype="Relation" vid_source="74268100-4992-38F5-E588-70E4F8DE9A9B" vid_target="277E89A2-EA40-12D5-EA20-E58EFC88BA55">
<hideElementsInCurrentOnly>false</hideElementsInCurrentOnly>
<backgroundColor>-16777216</backgroundColor>
<lineWidth>1</lineWidth>
<points>
<point x="1764" y="1758"/>
<point x="781" y="1366"/>
</points>
</Connector>
<Connector class="oracle.dbtools.crest.swingui.logical.TVRelation" oid="BDECCC7D-86DE-7941-237E-D9F3E0E867D4" otype="Relation" vid_source="5C9EB72B-A018-2AF9-61B8-1205BA25AECE" vid_target="FAD9E307-7864-1F22-ABDA-E179AC703A46">
<hideElementsInCurrentOnly>false</hideElementsInCurrentOnly>
<backgroundColor>-16777216</backgroundColor>
<lineWidth>1</lineWidth>
<points>
<point x="1399" y="1398"/>
<point x="876" y="1220"/>
</points>
</Connector>
<Connector class="oracle.dbtools.crest.swingui.logical.TVRelation" oid="C16B1DD3-6547-9885-86E9-649529A14A8F" otype="Relation" vid_source="A2A5C248-D044-D2EB-E1DA-39EA9C607FED" vid_target="B7F4DE0C-FDAD-3983-EE4D-C8CDA4AA8BA5">
<hideElementsInCurrentOnly>false</hideElementsInCurrentOnly>
<backgroundColor>-16777216</backgroundColor>
<lineWidth>1</lineWidth>
<points>
<point x="425" y="866"/>
<point x="766" y="772"/>
</points>
</Connector>
<Connector class="oracle.dbtools.crest.swingui.logical.TVRelation" oid="C3DE7AEA-6327-3AD4-50CC-6E74B3D07A6D" otype="Relation" vid_source="015B4B89-DA1F-FB76-0B83-232BCB198442" vid_target="B59C85C4-6024-45C0-3B03-0617BF27AB77">
<hideElementsInCurrentOnly>false</hideElementsInCurrentOnly>
<backgroundColor>-16777216</backgroundColor>
<lineWidth>1</lineWidth>
<points>
<point x="2362" y="1821"/>
<point x="2260" y="1821"/>
</points>
</Connector>
<Connector class="oracle.dbtools.crest.swingui.logical.TVRelation" oid="CB41156A-F899-25D0-66DC-8945896254A3" otype="Relation" vid_source="4AB83823-5ED1-B693-5649-70F00D6ACBEC" vid_target="E94D7985-D640-8A1D-0029-B7508113DA3B">
<hideElementsInCurrentOnly>false</hideElementsInCurrentOnly>
<backgroundColor>-16777216</backgroundColor>
<lineWidth>1</lineWidth>
<points>
<point x="2025" y="857"/>
<point x="1885" y="857"/>
</points>
</Connector>
<Connector class="oracle.dbtools.crest.swingui.logical.TVRelation" oid="CDF1F2A2-0D40-DC12-9106-2FA1682CDDB0" otype="Relation" vid_source="D78C5B90-C612-931F-58AC-D5C696F96D5E" vid_target="BB94ED32-E4E9-87D8-A888-BBF04E36A8D5">
<hideElementsInCurrentOnly>false</hideElementsInCurrentOnly>
<backgroundColor>-16777216</backgroundColor>
<lineWidth>1</lineWidth>
<points>
<point x="1606" y="418"/>
<point x="1527" y="440"/>
</points>
</Connector>
<Connector class="oracle.dbtools.crest.swingui.logical.TVRelation" oid="D13DDA0F-71D8-4308-1027-A16790A1B5C1" otype="Relation" vid_source="31EB7DDE-0284-E674-D67C-5C6269C67E94" vid_target="E747AC0C-3165-B71B-70C1-1B62E0A542C4">
<hideElementsInCurrentOnly>false</hideElementsInCurrentOnly>
<backgroundColor>-16777216</backgroundColor>
<lineWidth>1</lineWidth>
<points>
<point x="2695" y="1636"/>
<point x="2458" y="1650"/>
</points>
</Connector>
<Connector class="oracle.dbtools.crest.swingui.logical.TVRelation" oid="D2842F9D-3ED9-A629-D896-341B0B01ABAF" otype="Relation" vid_source="8C4CA69A-459E-4161-14B5-44DBD17CC81C" vid_target="C9185704-D4F1-9EBC-B567-5229887DFE29">
<hideElementsInCurrentOnly>false</hideElementsInCurrentOnly>
<backgroundColor>-16777216</backgroundColor>
<lineWidth>1</lineWidth>
<points>
<point x="2239" y="1104"/>
<point x="2118" y="1136"/>
</points>
</Connector>
<Connector class="oracle.dbtools.crest.swingui.logical.TVRelation" oid="D77A119C-7552-5741-2ACC-2C9D3259E078" otype="Relation" vid_source="B65A585E-8185-F5AF-D347-7FBC4E9F9AEA" vid_target="2B64F232-B1BA-CFBA-B942-2DE4E5D21FE5">
<hideElementsInCurrentOnly>false</hideElementsInCurrentOnly>
<backgroundColor>-16777216</backgroundColor>
<lineWidth>1</lineWidth>
<points>
<point x="2058" y="1405"/>
<point x="1943" y="1405"/>
</points>
</Connector>
<Connector class="oracle.dbtools.crest.swingui.logical.TVRelation" oid="DB67711E-7A22-BCDA-61DB-40386992E5EB" otype="Relation" vid_source="99A7D3A0-6237-9E4D-84D1-8596DA1FAECD" vid_target="FAD9E307-7864-1F22-ABDA-E179AC703A46">
<hideElementsInCurrentOnly>false</hideElementsInCurrentOnly>
<backgroundColor>-16777216</backgroundColor>
<lineWidth>1</lineWidth>
<points>
<point x="314" y="1225"/>
<point x="736" y="1209"/>
</points>
</Connector>
<Connector class="oracle.dbtools.crest.swingui.logical.TVRelation" oid="DC1F3FE0-033C-546A-A4DB-8402CCAF7059" otype="Relation" vid_source="A5B985B7-EA01-CB6D-8837-F69894D5B9AD" vid_target="4C978D62-D8A5-D21E-4D3B-3229F3B67228">
<hideElementsInCurrentOnly>false</hideElementsInCurrentOnly>
<backgroundColor>-16777216</backgroundColor>
<lineWidth>1</lineWidth>
<points>
<point x="1307" y="672"/>
<point x="1307" y="718"/>
</points>
</Connector>
<Connector class="oracle.dbtools.crest.swingui.logical.TVRelation" oid="E0702BA9-6DA6-C208-747E-FFDB92BEB1CD" otype="Relation" vid_source="4C978D62-D8A5-D21E-4D3B-3229F3B67228" vid_target="36486309-DC94-A0B5-1B21-52A942BF27B9">
<hideElementsInCurrentOnly>false</hideElementsInCurrentOnly>
<backgroundColor>-16777216</backgroundColor>
<lineWidth>1</lineWidth>
<points>
<point x="1361" y="757"/>
<point x="1816" y="630"/>
</points>
</Connector>
<Connector class="oracle.dbtools.crest.swingui.logical.TVRelation" oid="E1C6EDF7-4F21-5FFB-4EE4-A504B75BA378" otype="Relation" vid_source="4C978D62-D8A5-D21E-4D3B-3229F3B67228" vid_target="DA5567EF-DE79-6F95-77DD-77E196AC0E50">
<hideElementsInCurrentOnly>false</hideElementsInCurrentOnly>
<backgroundColor>-16777216</backgroundColor>
<lineWidth>1</lineWidth>
<points>
<point x="1274" y="828"/>
<point x="846" y="1549"/>
</points>
</Connector>
<Connector class="oracle.dbtools.crest.swingui.logical.TVRelation" oid="E556225C-46F5-1834-CFC4-2AAF41F8361E" otype="Relation" vid_source="49787DBE-3835-3B1E-8A98-3D7E54C3B9B0" vid_target="07F2A4AE-8E90-BB34-09F7-9B42E8566778">
<hideElementsInCurrentOnly>false</hideElementsInCurrentOnly>
<backgroundColor>-16777216</backgroundColor>
<lineWidth>1</lineWidth>
<points>
<point x="1571" y="1580"/>
<point x="1762" y="1591"/>
</points>
</Connector>
<Connector class="oracle.dbtools.crest.swingui.logical.TVRelation" oid="E74C9166-5639-A5B7-C08C-5D92717509FB" otype="Relation" vid_source="0585DB34-A99F-739F-7220-32A2F78DF6A7" vid_target="277E89A2-EA40-12D5-EA20-E58EFC88BA55">
<hideElementsInCurrentOnly>false</hideElementsInCurrentOnly>
<backgroundColor>-16777216</backgroundColor>
<lineWidth>1</lineWidth>
<points>
<point x="1833" y="1965"/>
<point x="740" y="1366"/>
</points>
</Connector>
<Connector class="oracle.dbtools.crest.swingui.logical.TVRelation" oid="E8724ED1-DEB4-ECCB-DE8F-4E7AF60DE549" otype="Relation" vid_source="31EB7DDE-0284-E674-D67C-5C6269C67E94" vid_target="AAF1C522-2EC8-92B9-4DAC-0176B2CC2D10">
<hideElementsInCurrentOnly>false</hideElementsInCurrentOnly>
<backgroundColor>-16777216</backgroundColor>
<lineWidth>1</lineWidth>
<points>
<point x="2726" y="1640"/>
<point x="2601" y="1999"/>
</points>
</Connector>
<Connector class="oracle.dbtools.crest.swingui.logical.TVRelation" oid="EA7C549F-E342-0F47-D72A-E8EBBB55DC99" otype="Relation" vid_source="DA5567EF-DE79-6F95-77DD-77E196AC0E50" vid_target="7554ABFE-3693-94D5-97B7-E0C1FA088DF2">
<hideElementsInCurrentOnly>false</hideElementsInCurrentOnly>
<backgroundColor>-16777216</backgroundColor>
<lineWidth>1</lineWidth>
<points>
<point x="744" y="1583"/>
<point x="679" y="1546"/>
</points>
</Connector>
<Connector class="oracle.dbtools.crest.swingui.logical.TVRelation" oid="EBD68D86-B485-2454-AAFB-17F86019B82D" otype="Relation" vid_source="4F4E64B2-D298-C203-59FF-1D40624A33D6" vid_target="7554ABFE-3693-94D5-97B7-E0C1FA088DF2">
<hideElementsInCurrentOnly>false</hideElementsInCurrentOnly>
<backgroundColor>-16777216</backgroundColor>
<lineWidth>1</lineWidth>
<points>
<point x="427" y="1462"/>
<point x="531" y="1546"/>
</points>
</Connector>
<Connector class="oracle.dbtools.crest.swingui.logical.TVRelation" oid="ED7B8E1E-A73F-5862-0B7F-44991407DF7E" otype="Relation" vid_source="7554ABFE-3693-94D5-97B7-E0C1FA088DF2" vid_target="277E89A2-EA40-12D5-EA20-E58EFC88BA55">
<hideElementsInCurrentOnly>false</hideElementsInCurrentOnly>
<backgroundColor>-16777216</backgroundColor>
<lineWidth>1</lineWidth>
<points>
<point x="602" y="1524"/>
<point x="692" y="1366"/>
</points>
</Connector>
<Connector class="oracle.dbtools.crest.swingui.logical.TVRelation" oid="EE952304-197B-6225-9C5E-86AD434F0F51" otype="Relation" vid_source="49787DBE-3835-3B1E-8A98-3D7E54C3B9B0" vid_target="B0518E0D-5CB1-32BB-84C6-054D38D8969B">
<hideElementsInCurrentOnly>false</hideElementsInCurrentOnly>
<backgroundColor>-16777216</backgroundColor>
<lineWidth>1</lineWidth>
<points>
<point x="1512" y="1534"/>
<point x="2024" y="1030"/>
</points>
</Connector>
<Connector class="oracle.dbtools.crest.swingui.logical.TVRelation" oid="F4B97E8E-6FBD-66D0-1D99-15CDE22AEB36" otype="Relation" vid_source="0DF381FE-97D5-4330-B8C0-1F4B41ED0435" vid_target="A71A7770-5750-208E-5373-76DEA31DA802">
<hideElementsInCurrentOnly>false</hideElementsInCurrentOnly>
<backgroundColor>-16777216</backgroundColor>
<lineWidth>1</lineWidth>
<points>
<point x="319" y="1297"/>
<point x="169" y="1244"/>
</points>
</Connector>
<Connector class="oracle.dbtools.crest.swingui.logical.TVRelation" oid="F5CC3DC8-F6D5-CE87-36C4-8398220EA06B" otype="Relation" vid_source="B0518E0D-5CB1-32BB-84C6-054D38D8969B" vid_target="B2363610-F0DE-3035-5B91-1D8D260A65AA">
<hideElementsInCurrentOnly>false</hideElementsInCurrentOnly>
<backgroundColor>-16777216</backgroundColor>
<lineWidth>1</lineWidth>
<points>
<point x="2024" y="975"/>
<point x="1897" y="975"/>
</points>
</Connector>
<Connector class="oracle.dbtools.crest.swingui.logical.TVRelation" oid="F85671A1-B6E1-E658-B39C-6EA82D3D24E0" otype="Relation" vid_source="0DF381FE-97D5-4330-B8C0-1F4B41ED0435" vid_target="A2A5C248-D044-D2EB-E1DA-39EA9C607FED">
<hideElementsInCurrentOnly>false</hideElementsInCurrentOnly>
<backgroundColor>-16777216</backgroundColor>
<lineWidth>1</lineWidth>
<points>
<point x="370" y="1269"/>
<point x="370" y="922"/>
</points>
</Connector>
<Connector class="oracle.dbtools.crest.swingui.logical.TVRelation" oid="FAA76ACE-D3DE-F0BB-EBE0-F09167196560" otype="Relation" vid_source="49787DBE-3835-3B1E-8A98-3D7E54C3B9B0" vid_target="DBAD3CEE-8FFD-753E-5744-C547637A1E19">
<hideElementsInCurrentOnly>false</hideElementsInCurrentOnly>
<backgroundColor>-16777216</backgroundColor>
<lineWidth>1</lineWidth>
<points>
<point x="1571" y="1547"/>
<point x="1762" y="1512"/>
</points>
</Connector>
<Connector class="oracle.dbtools.crest.swingui.logical.TVRelation" oid="FD4FA242-6F42-153B-3F6F-DB9EC9D8A9F5" otype="Relation" vid_source="B65A585E-8185-F5AF-D347-7FBC4E9F9AEA" vid_target="DBAD3CEE-8FFD-753E-5744-C547637A1E19">
<hideElementsInCurrentOnly>false</hideElementsInCurrentOnly>
<backgroundColor>-16777216</backgroundColor>
<lineWidth>1</lineWidth>
<points>
<point x="2058" y="1433"/>
<point x="1932" y="1507"/>
</points>
</Connector>
</connectors>
</Diagram>