<?xml version = '1.0' encoding = 'UTF-8'?>
<Entity class="oracle.dbtools.crest.model.design.logical.Entity" directorySegmentName="seg_1" id="090C71D9-6568-E8DE-86BC-DB9BBF47B60C" name="Invetigador_Semillero">
<createdBy>casa</createdBy>
<createdTime>2020-03-26 19:57:36 UTC</createdTime>
<ownerDesignName>Investigadores_Grupo</ownerDesignName>
<adequatelyNormalized>NO</adequatelyNormalized>
<expectedVolumes>0</expectedVolumes>
<fwdEngineeringStrategyName>Single Table</fwdEngineeringStrategyName>
<growthPercent>0</growthPercent>
<growthType>Year</growthType>
<maxVolumes>9999999</maxVolumes>
<minVolumes>0</minVolumes>
<normalForm>Third</normalForm>
<attributes itemClass="oracle.dbtools.crest.model.design.logical.Attribute">
<Attribute name="Id_Invetigadores_Semillero" id="CB05A19E-FCD1-9560-87B0-F9E7D6712747">
<createdBy>casa</createdBy>
<createdTime>2020-03-26 19:59:58 UTC</createdTime>
<ownerDesignName>Investigadores_Grupo</ownerDesignName>
<useDomainConstraints>false</useDomainConstraints>
<use>1</use>
<logicalDatatype>LOGDT011</logicalDatatype>
<ownDataTypeParameters>,,</ownDataTypeParameters>
</Attribute>
<Attribute name="fecha_Vinculacion" id="9E3919E0-FDB2-538C-D0E3-E6C7CC1513D1">
<createdBy>casa</createdBy>
<createdTime>2020-03-26 20:10:53 UTC</createdTime>
<ownerDesignName>Investigadores_Grupo</ownerDesignName>
<nullsAllowed>true</nullsAllowed>
<useDomainConstraints>false</useDomainConstraints>
<use>1</use>
<logicalDatatype>LOGDT007</logicalDatatype>
<ownDataTypeParameters>,,</ownDataTypeParameters>
</Attribute>
<Attribute name="Id_Investigador" id="D5A8B6EA-6508-A7D3-6D85-296CC48DB28E">
<createdBy>casa</createdBy>
<createdTime>2020-03-26 20:11:32 UTC</createdTime>
<generatorID>EA7C549F-E342-0F47-D72A-E8EBBB55DC99</generatorID>
<ownerDesignName>Investigadores_Grupo</ownerDesignName>
<referedAttribute>14540EF1-0AB9-5089-F627-76E38B732A1C</referedAttribute>
<useDomainConstraints>false</useDomainConstraints>
<use>1</use>
<logicalDatatype>LOGDT011</logicalDatatype>
<ownDataTypeParameters>,,</ownDataTypeParameters>
</Attribute>
<Attribute name="Id_Historial_Dedicacion" id="DA52F2F7-C27E-8457-FD72-B0CFD6831539">
<createdBy>casa</createdBy>
<createdTime>2020-03-26 20:11:57 UTC</createdTime>
<generatorID>EBD68D86-B485-2454-AAFB-17F86019B82D</generatorID>
<ownerDesignName>Investigadores_Grupo</ownerDesignName>
<referedAttribute>745572A4-E83C-A759-0AEC-C2069E111C56</referedAttribute>
<useDomainConstraints>false</useDomainConstraints>
<use>1</use>
<logicalDatatype>LOGDT011</logicalDatatype>
<ownDataTypeParameters>,,</ownDataTypeParameters>
</Attribute>
</attributes>
<identifiers itemClass="oracle.dbtools.crest.model.design.logical.CandidateKey">
<identifier id="8CDB83F4-1109-5BF8-287E-F175653DBBEA" name="Invetigador_Semillero PK">
<createdBy>casa</createdBy>
<createdTime>2020-03-26 20:00:08 UTC</createdTime>
<ownerDesignName>Investigadores_Grupo</ownerDesignName>
<pk>true</pk>
<usedAttributes>
<attributeRef>CB05A19E-FCD1-9560-87B0-F9E7D6712747</attributeRef>
</usedAttributes>
</identifier>
</identifiers>
</Entity>