<?xml version = '1.0' encoding = 'UTF-8'?>
<Entity class="oracle.dbtools.crest.model.design.logical.Entity" directorySegmentName="seg_1" id="6C6E6A2B-6F71-8579-A88F-C900290D481D" name="Tipo_Programa">
<createdBy>casa</createdBy>
<createdTime>2020-03-26 19:05:37 UTC</createdTime>
<ownerDesignName>Investigadores_Grupo</ownerDesignName>
<adequatelyNormalized>NO</adequatelyNormalized>
<expectedVolumes>0</expectedVolumes>
<fwdEngineeringStrategyName>Single Table</fwdEngineeringStrategyName>
<growthPercent>0</growthPercent>
<growthType>Year</growthType>
<maxVolumes>9999999</maxVolumes>
<minVolumes>0</minVolumes>
<normalForm>Third</normalForm>
<attributes itemClass="oracle.dbtools.crest.model.design.logical.Attribute">
<Attribute name="Id_Tipo_Programa" id="A727E94A-AD55-D37F-E252-7B17C1A79504">
<createdBy>casa</createdBy>
<createdTime>2020-03-26 19:05:47 UTC</createdTime>
<ownerDesignName>Investigadores_Grupo</ownerDesignName>
<useDomainConstraints>false</useDomainConstraints>
<use>1</use>
<logicalDatatype>LOGDT011</logicalDatatype>
<ownDataTypeParameters>,,</ownDataTypeParameters>
</Attribute>
<Attribute name="Descripcion" id="36777761-7539-D959-563A-B05AF2DAEBCF">
<createdBy>casa</createdBy>
<createdTime>2020-03-26 19:05:58 UTC</createdTime>
<ownerDesignName>Investigadores_Grupo</ownerDesignName>
<nullsAllowed>true</nullsAllowed>
<useDomainConstraints>false</useDomainConstraints>
<use>1</use>
<logicalDatatype>LOGDT024</logicalDatatype>
<dataTypeSize>100</dataTypeSize>
<ownDataTypeParameters>100,,</ownDataTypeParameters>
</Attribute>
</attributes>
<identifiers itemClass="oracle.dbtools.crest.model.design.logical.CandidateKey">
<identifier id="5FBFD04F-2CCA-D76B-46D7-8713C468D40D" name="Tipo_Programa PK">
<createdBy>casa</createdBy>
<createdTime>2020-03-26 19:05:56 UTC</createdTime>
<ownerDesignName>Investigadores_Grupo</ownerDesignName>
<pk>true</pk>
<usedAttributes>
<attributeRef>A727E94A-AD55-D37F-E252-7B17C1A79504</attributeRef>
</usedAttributes>
</identifier>
</identifiers>
</Entity>