<?xml version = '1.0' encoding = 'UTF-8'?>
<Entity class="oracle.dbtools.crest.model.design.logical.Entity" directorySegmentName="seg_1" id="9802DCD1-705D-905D-4107-FC8ABA6B537D" name="Semillero_Grupo">
<createdBy>casa</createdBy>
<createdTime>2020-03-26 19:53:18 UTC</createdTime>
<ownerDesignName>Investigadores_Grupo</ownerDesignName>
<adequatelyNormalized>NO</adequatelyNormalized>
<expectedVolumes>0</expectedVolumes>
<fwdEngineeringStrategyName>Single Table</fwdEngineeringStrategyName>
<growthPercent>0</growthPercent>
<growthType>Year</growthType>
<maxVolumes>9999999</maxVolumes>
<minVolumes>0</minVolumes>
<normalForm>Third</normalForm>
<attributes itemClass="oracle.dbtools.crest.model.design.logical.Attribute">
<Attribute name="Id_Semillero_Grupo" id="26FB16EA-3ECF-596C-2338-38C0A4F8E694">
<createdBy>casa</createdBy>
<createdTime>2020-03-26 19:53:30 UTC</createdTime>
<ownerDesignName>Investigadores_Grupo</ownerDesignName>
<useDomainConstraints>false</useDomainConstraints>
<use>1</use>
<logicalDatatype>LOGDT011</logicalDatatype>
<ownDataTypeParameters>,,</ownDataTypeParameters>
</Attribute>
<Attribute name="Id_Linea_Investigacion" id="1DF03665-7B45-367A-E031-BF85B5DA2045">
<createdBy>casa</createdBy>
<createdTime>2020-03-26 19:54:33 UTC</createdTime>
<generatorID>5EE55BCB-6E89-506E-D4EC-3F711FD651BA</generatorID>
<ownerDesignName>Investigadores_Grupo</ownerDesignName>
<referedAttribute>7564272A-337E-0B91-BB1A-013B23893A6A</referedAttribute>
<useDomainConstraints>false</useDomainConstraints>
<use>1</use>
<logicalDatatype>LOGDT011</logicalDatatype>
<ownDataTypeParameters>,,</ownDataTypeParameters>
</Attribute>
<Attribute name="Id_Identificacion_Semillero" id="D8660738-2E5B-769B-00C8-0C2B1685C25D">
<createdBy>casa</createdBy>
<createdTime>2020-03-26 19:55:04 UTC</createdTime>
<generatorID>628CE7B8-2013-AECB-B1C3-EA026C7BAD89</generatorID>
<ownerDesignName>Investigadores_Grupo</ownerDesignName>
<referedAttribute>B7D2D6C9-D75D-B1B7-F8A2-65D746817EFA</referedAttribute>
<useDomainConstraints>false</useDomainConstraints>
<use>1</use>
<logicalDatatype>LOGDT011</logicalDatatype>
<ownDataTypeParameters>,,</ownDataTypeParameters>
</Attribute>
<Attribute name="Id_Invetigadores_Semillero" id="2FAB34BD-17BF-B1DE-7A57-62784C8D99F2">
<createdBy>casa</createdBy>
<createdTime>2020-03-26 20:00:44 UTC</createdTime>
<generatorID>ED7B8E1E-A73F-5862-0B7F-44991407DF7E</generatorID>
<ownerDesignName>Investigadores_Grupo</ownerDesignName>
<referedAttribute>CB05A19E-FCD1-9560-87B0-F9E7D6712747</referedAttribute>
<useDomainConstraints>false</useDomainConstraints>
<use>1</use>
<logicalDatatype>LOGDT011</logicalDatatype>
<ownDataTypeParameters>,,</ownDataTypeParameters>
</Attribute>
<Attribute name="Id_Produccion_Bibliografica" id="0152EC6B-E081-EA7A-6E44-9273623B9A77">
<createdBy>casa</createdBy>
<createdTime>2020-03-26 20:27:49 UTC</createdTime>
<generatorID>B92225FA-3B33-3DD9-952E-F64740096BEF</generatorID>
<ownerDesignName>Investigadores_Grupo</ownerDesignName>
<referedAttribute>9B1C705E-A7FC-876E-9629-840277C631C2</referedAttribute>
<useDomainConstraints>false</useDomainConstraints>
<use>1</use>
<logicalDatatype>LOGDT011</logicalDatatype>
<ownDataTypeParameters>,,</ownDataTypeParameters>
</Attribute>
<Attribute name="Id_Produccion_Tecnica" id="61E7F2C9-7E99-D4CB-7803-ABC1886C0598">
<createdBy>casa</createdBy>
<createdTime>2020-03-26 20:28:17 UTC</createdTime>
<generatorID>E74C9166-5639-A5B7-C08C-5D92717509FB</generatorID>
<ownerDesignName>Investigadores_Grupo</ownerDesignName>
<referedAttribute>B0FAC17D-7014-A0A5-655E-A454DA2431A2</referedAttribute>
<useDomainConstraints>false</useDomainConstraints>
<use>1</use>
<logicalDatatype>LOGDT011</logicalDatatype>
<ownDataTypeParameters>,,</ownDataTypeParameters>
</Attribute>
</attributes>
<identifiers itemClass="oracle.dbtools.crest.model.design.logical.CandidateKey">
<identifier id="C24F2F82-B70F-74AE-E92A-588EB4BF3AFA" name="Semillero_Grupo PK">
<createdBy>casa</createdBy>
<createdTime>2020-03-26 19:53:42 UTC</createdTime>
<ownerDesignName>Investigadores_Grupo</ownerDesignName>
<pk>true</pk>
<usedAttributes>
<attributeRef>26FB16EA-3ECF-596C-2338-38C0A4F8E694</attributeRef>
</usedAttributes>
</identifier>
</identifiers>
</Entity>