<?xml version = '1.0' encoding = 'UTF-8'?>
<Entity class="oracle.dbtools.crest.model.design.logical.Entity" directorySegmentName="seg_1" id="CB0201A7-01C1-D795-7AEE-62B6FEE64343" name="Instituciones_Semillero">
<createdBy>casa</createdBy>
<createdTime>2020-03-26 19:46:32 UTC</createdTime>
<ownerDesignName>Investigadores_Grupo</ownerDesignName>
<adequatelyNormalized>NO</adequatelyNormalized>
<expectedVolumes>0</expectedVolumes>
<fwdEngineeringStrategyName>Single Table</fwdEngineeringStrategyName>
<growthPercent>0</growthPercent>
<growthType>Year</growthType>
<maxVolumes>9999999</maxVolumes>
<minVolumes>0</minVolumes>
<normalForm>Third</normalForm>
<attributes itemClass="oracle.dbtools.crest.model.design.logical.Attribute">
<Attribute name="Id_Instituciones_Semillero" id="4CE8C503-8779-D237-329B-1E37314853BA">
<createdBy>casa</createdBy>
<createdTime>2020-03-26 19:46:43 UTC</createdTime>
<ownerDesignName>Investigadores_Grupo</ownerDesignName>
<useDomainConstraints>false</useDomainConstraints>
<use>1</use>
<logicalDatatype>LOGDT011</logicalDatatype>
<ownDataTypeParameters>,,</ownDataTypeParameters>
</Attribute>
<Attribute name="Id_Identificacion_Semillero" id="DA868153-3E55-150A-56F8-66BDB3262625">
<createdBy>casa</createdBy>
<createdTime>2020-03-26 19:47:26 UTC</createdTime>
<generatorID>C16B1DD3-6547-9885-86E9-649529A14A8F</generatorID>
<ownerDesignName>Investigadores_Grupo</ownerDesignName>
<referedAttribute>B7D2D6C9-D75D-B1B7-F8A2-65D746817EFA</referedAttribute>
<useDomainConstraints>false</useDomainConstraints>
<use>1</use>
<logicalDatatype>LOGDT011</logicalDatatype>
<ownDataTypeParameters>,,</ownDataTypeParameters>
</Attribute>
</attributes>
<identifiers itemClass="oracle.dbtools.crest.model.design.logical.CandidateKey">
<identifier id="D419C2FA-B6CC-35E6-B744-B9464C444590" name="Instituciones_Semillero PK">
<createdBy>casa</createdBy>
<createdTime>2020-03-26 19:46:58 UTC</createdTime>
<ownerDesignName>Investigadores_Grupo</ownerDesignName>
<pk>true</pk>
<usedAttributes>
<attributeRef>4CE8C503-8779-D237-329B-1E37314853BA</attributeRef>
</usedAttributes>
</identifier>
</identifiers>
</Entity>