<?xml version = '1.0' encoding = 'UTF-8'?>
<Entity class="oracle.dbtools.crest.model.design.logical.Entity" directorySegmentName="seg_1" id="D90DF6B7-4BD6-F1A2-0BEA-6EE5FB2F5047" name="Investigador">
<createdBy>casa</createdBy>
<createdTime>2020-03-26 20:07:47 UTC</createdTime>
<ownerDesignName>Investigadores_Grupo</ownerDesignName>
<adequatelyNormalized>NO</adequatelyNormalized>
<expectedVolumes>0</expectedVolumes>
<fwdEngineeringStrategyName>Single Table</fwdEngineeringStrategyName>
<growthPercent>0</growthPercent>
<growthType>Year</growthType>
<maxVolumes>9999999</maxVolumes>
<minVolumes>0</minVolumes>
<normalForm>Third</normalForm>
<attributes itemClass="oracle.dbtools.crest.model.design.logical.Attribute">
<Attribute name="Id_Investigador" id="14540EF1-0AB9-5089-F627-76E38B732A1C">
<createdBy>casa</createdBy>
<createdTime>2020-03-26 20:08:17 UTC</createdTime>
<ownerDesignName>Investigadores_Grupo</ownerDesignName>
<useDomainConstraints>false</useDomainConstraints>
<use>1</use>
<logicalDatatype>LOGDT011</logicalDatatype>
<ownDataTypeParameters>,,</ownDataTypeParameters>
</Attribute>
<Attribute name="Programa_Academico_Cursa" id="4629E1DF-4922-712F-B227-FF7CB7674F99">
<createdBy>casa</createdBy>
<createdTime>2020-03-26 20:08:32 UTC</createdTime>
<ownerDesignName>Investigadores_Grupo</ownerDesignName>
<nullsAllowed>true</nullsAllowed>
<useDomainConstraints>false</useDomainConstraints>
<use>1</use>
<logicalDatatype>LOGDT024</logicalDatatype>
<dataTypeSize>200</dataTypeSize>
<ownDataTypeParameters>200,,</ownDataTypeParameters>
</Attribute>
<Attribute name="Anio_Ingreso_Inst_estudia" id="26593C0F-265D-8143-4C23-BD697B1BBE22">
<createdBy>casa</createdBy>
<createdTime>2020-03-26 20:08:52 UTC</createdTime>
<ownerDesignName>Investigadores_Grupo</ownerDesignName>
<nullsAllowed>true</nullsAllowed>
<useDomainConstraints>false</useDomainConstraints>
<use>1</use>
<logicalDatatype>LOGDT011</logicalDatatype>
<ownDataTypeParameters>,,</ownDataTypeParameters>
</Attribute>
</attributes>
<identifiers itemClass="oracle.dbtools.crest.model.design.logical.CandidateKey">
<identifier id="A6A411F2-3063-5B84-3FB4-06197F0EA333" name="Investigador PK">
<createdBy>casa</createdBy>
<createdTime>2020-03-26 20:08:28 UTC</createdTime>
<ownerDesignName>Investigadores_Grupo</ownerDesignName>
<pk>true</pk>
<usedAttributes>
<attributeRef>14540EF1-0AB9-5089-F627-76E38B732A1C</attributeRef>
</usedAttributes>
</identifier>
</identifiers>
</Entity>