<?xml version = '1.0' encoding = 'UTF-8'?>
<Relation class="oracle.dbtools.crest.model.design.logical.Relation" name="Distrito_Lib_Lib_Militar" directorySegmentName="seg_0" id="00B63118-8AF5-1351-D8D9-0810251E1EF7">
<createdBy>casa</createdBy>
<createdTime>2020-03-26 19:35:40 UTC</createdTime>
<ownerDesignName>Investigadores_Grupo</ownerDesignName>
<identifying>false</identifying>
<optionalSource>true</optionalSource>
<optionalTarget>false</optionalTarget>
<sourceCardinality>1</sourceCardinality>
<sourceEntity>BB9EE0AF-6B8C-5763-C7F1-C73C4E639CFB</sourceEntity>
<targetCardinalityString>*</targetCardinalityString>
<targetEntity>DF89DFEF-EE9A-9C75-78FE-D1831E50C926</targetEntity>
<transferable>true</transferable>
<deleteRule>NO ACTION</deleteRule>
</Relation>