<?xml version = '1.0' encoding = 'UTF-8'?>
<Relation class="oracle.dbtools.crest.model.design.logical.Relation" name="Articulo_Prod_Bibiliografica" directorySegmentName="seg_0" id="09517DA9-DD11-ACAB-C8B3-3C64880EC6C0">
<createdBy>casa</createdBy>
<createdTime>2020-03-26 19:17:16 UTC</createdTime>
<ownerDesignName>Investigadores_Grupo</ownerDesignName>
<sourcePk>E28635BD-BD86-8CDB-0C87-D141CF6CB43A</sourcePk>
<identifying>false</identifying>
<optionalSource>true</optionalSource>
<optionalTarget>false</optionalTarget>
<sourceCardinality>1</sourceCardinality>
<sourceEntity>044FD16B-56E0-370E-45CC-C8FEBA2B387F</sourceEntity>
<targetCardinalityString>*</targetCardinalityString>
<targetEntity>7ED4FDF3-FA46-ABE4-7CB1-437D95D2C8B4</targetEntity>
<transferable>true</transferable>
<deleteRule>NO ACTION</deleteRule>
</Relation>