<?xml version = '1.0' encoding = 'UTF-8'?>
<Relation class="oracle.dbtools.crest.model.design.logical.Relation" name="Asignatura_Hist_Laboral" directorySegmentName="seg_0" id="0E916D7F-435D-7196-F3C0-367268DC498E">
<createdBy>oracle</createdBy>
<createdTime>2020-03-25 22:46:04 UTC</createdTime>
<ownerDesignName>Investigadores_Grupo</ownerDesignName>
<sourcePk>BD24D60C-0FC0-69BD-5F87-0B9BC9CDADC7</sourcePk>
<identifying>false</identifying>
<optionalSource>true</optionalSource>
<optionalTarget>false</optionalTarget>
<sourceCardinality>1</sourceCardinality>
<sourceEntity>28E06DC9-11F2-71B3-D19A-4D951285B0BB</sourceEntity>
<targetCardinalityString>*</targetCardinalityString>
<targetEntity>D2F3148C-D08D-89A1-D3C7-849510FE2076</targetEntity>
<transferable>true</transferable>
<deleteRule>NO ACTION</deleteRule>
</Relation>