<?xml version = '1.0' encoding = 'UTF-8'?>
<Relation class="oracle.dbtools.crest.model.design.logical.Relation" name="Area_Conoc_Linea_Inves" directorySegmentName="seg_0" id="15FC3CC7-48F4-D1A7-D725-8235CA37B471">
<createdBy>casa</createdBy>
<createdTime>2020-03-19 23:35:47 UTC</createdTime>
<ownerDesignName>Investigadores_Grupo</ownerDesignName>
<sourcePk>DEC32814-510F-BAB8-93CA-E14AB7363ACE</sourcePk>
<identifying>false</identifying>
<optionalSource>true</optionalSource>
<optionalTarget>false</optionalTarget>
<sourceCardinality>1</sourceCardinality>
<sourceEntity>E6CBCF88-0B6D-1BC3-5DDF-4EA82F1EE4C4</sourceEntity>
<targetCardinalityString>*</targetCardinalityString>
<targetEntity>88E0032B-8431-AA53-7A89-B0A7730977CF</targetEntity>
<transferable>true</transferable>
<deleteRule>NO ACTION</deleteRule>
</Relation>