<?xml version = '1.0' encoding = 'UTF-8'?>
<Relation class="oracle.dbtools.crest.model.design.logical.Relation" name="Tipo_Prog_Curso_Programa" directorySegmentName="seg_0" id="1817FD46-55B7-DDD7-0919-327C9CFE9C97">
<createdBy>casa</createdBy>
<createdTime>2020-03-26 19:09:03 UTC</createdTime>
<ownerDesignName>Investigadores_Grupo</ownerDesignName>
<sourcePk>5FBFD04F-2CCA-D76B-46D7-8713C468D40D</sourcePk>
<identifying>false</identifying>
<optionalSource>true</optionalSource>
<optionalTarget>false</optionalTarget>
<sourceCardinality>1</sourceCardinality>
<sourceEntity>6C6E6A2B-6F71-8579-A88F-C900290D481D</sourceEntity>
<targetCardinalityString>*</targetCardinalityString>
<targetEntity>C019879D-4C50-8C09-071D-5BF9698C8C38</targetEntity>
<transferable>true</transferable>
<deleteRule>NO ACTION</deleteRule>
</Relation>