<?xml version = '1.0' encoding = 'UTF-8'?>
<Relation class="oracle.dbtools.crest.model.design.logical.Relation" name="Autor_Trab_Jura_Autor" directorySegmentName="seg_0" id="1873203D-960C-69FF-A430-E7616793D17F">
<createdBy>casa</createdBy>
<createdTime>2020-03-20 00:02:09 UTC</createdTime>
<ownerDesignName>Investigadores_Grupo</ownerDesignName>
<sourcePk>0E51C6E4-6F3E-9487-B7F7-5D09B22BDFF0</sourcePk>
<identifying>false</identifying>
<optionalSource>true</optionalSource>
<optionalTarget>false</optionalTarget>
<sourceCardinality>1</sourceCardinality>
<sourceEntity>566DB607-DC9A-8BFA-B744-35DE751FB7A1</sourceEntity>
<targetCardinalityString>*</targetCardinalityString>
<targetEntity>5F992CAF-9032-6D64-65BA-7B6839AFC46B</targetEntity>
<transferable>true</transferable>
<deleteRule>NO ACTION</deleteRule>
</Relation>