<?xml version = '1.0' encoding = 'UTF-8'?>
<Relation class="oracle.dbtools.crest.model.design.logical.Relation" name="Historial_Ded_Inv_Grupo" directorySegmentName="seg_0" id="1F97BE9E-ED6F-4B47-35F1-872CE697B0F9">
<createdBy>casa</createdBy>
<createdTime>2020-03-26 17:18:02 UTC</createdTime>
<ownerDesignName>Investigadores_Grupo</ownerDesignName>
<sourcePk>24DE76A3-4BAF-2C87-2B54-B47F39E6CB35</sourcePk>
<identifying>false</identifying>
<optionalSource>true</optionalSource>
<optionalTarget>false</optionalTarget>
<sourceCardinality>1</sourceCardinality>
<sourceEntity>2541239A-3E04-F154-8979-D3A222B070D8</sourceEntity>
<targetCardinalityString>*</targetCardinalityString>
<targetEntity>910CF94E-9D2C-E922-3AD8-DC893272F8F6</targetEntity>
<transferable>true</transferable>
<deleteRule>NO ACTION</deleteRule>
</Relation>