<?xml version = '1.0' encoding = 'UTF-8'?>
<Relation class="oracle.dbtools.crest.model.design.logical.Relation" name="Area_Conocimiento_Curso_Progrma" directorySegmentName="seg_0" id="2535314E-6D2A-1B40-499E-52A388176765">
<createdBy>casa</createdBy>
<createdTime>2020-03-26 19:09:58 UTC</createdTime>
<ownerDesignName>Investigadores_Grupo</ownerDesignName>
<sourcePk>DEC32814-510F-BAB8-93CA-E14AB7363ACE</sourcePk>
<identifying>false</identifying>
<optionalSource>true</optionalSource>
<optionalTarget>false</optionalTarget>
<sourceCardinality>1</sourceCardinality>
<sourceEntity>E6CBCF88-0B6D-1BC3-5DDF-4EA82F1EE4C4</sourceEntity>
<targetCardinalityString>*</targetCardinalityString>
<targetEntity>C019879D-4C50-8C09-071D-5BF9698C8C38</targetEntity>
<transferable>true</transferable>
<deleteRule>NO ACTION</deleteRule>
</Relation>