<?xml version = '1.0' encoding = 'UTF-8'?>
<Relation class="oracle.dbtools.crest.model.design.logical.Relation" name="Diplomado_Grupo_Prod_Academica" directorySegmentName="seg_0" id="29529A03-51C1-66B0-5736-8C9ECF829ACF">
<createdBy>casa</createdBy>
<createdTime>2020-03-26 18:03:04 UTC</createdTime>
<ownerDesignName>Investigadores_Grupo</ownerDesignName>
<sourcePk>2E409CA7-4195-66A8-B462-51D1A80C0639</sourcePk>
<identifying>false</identifying>
<optionalSource>true</optionalSource>
<optionalTarget>false</optionalTarget>
<sourceCardinality>1</sourceCardinality>
<sourceEntity>3144D05D-3204-E7EA-83E2-A4842F487DA7</sourceEntity>
<targetCardinalityString>*</targetCardinalityString>
<targetEntity>43236B9A-BBA0-FF0F-3981-1F42AD10BE17</targetEntity>
<transferable>true</transferable>
<deleteRule>NO ACTION</deleteRule>
</Relation>