<?xml version = '1.0' encoding = 'UTF-8'?>
<Relation class="oracle.dbtools.crest.model.design.logical.Relation" name="Area_Conc_Semillero_Grupo" directorySegmentName="seg_0" id="3068F684-F2E3-8CE0-B983-307F60BD9105">
<createdBy>casa</createdBy>
<createdTime>2020-03-26 19:43:57 UTC</createdTime>
<ownerDesignName>Investigadores_Grupo</ownerDesignName>
<sourcePk>DEC32814-510F-BAB8-93CA-E14AB7363ACE</sourcePk>
<identifying>false</identifying>
<optionalSource>true</optionalSource>
<optionalTarget>false</optionalTarget>
<sourceCardinality>1</sourceCardinality>
<sourceEntity>E6CBCF88-0B6D-1BC3-5DDF-4EA82F1EE4C4</sourceEntity>
<targetCardinalityString>*</targetCardinalityString>
<targetEntity>17010BF5-7398-7FCD-343E-234B3C4CC1E4</targetEntity>
<transferable>true</transferable>
<deleteRule>NO ACTION</deleteRule>
</Relation>