<?xml version = '1.0' encoding = 'UTF-8'?>
<Relation class="oracle.dbtools.crest.model.design.logical.Relation" name="Hist_Academico_Hist_Doctorado" directorySegmentName="seg_0" id="4B4D5FAC-F341-B658-C8D2-4D83CFFABAAD">
<createdBy>oracle</createdBy>
<createdTime>2020-03-25 22:03:39 UTC</createdTime>
<ownerDesignName>Investigadores_Grupo</ownerDesignName>
<sourcePk>A5551841-01E1-1C9A-3795-9B5B90E73CAF</sourcePk>
<identifying>false</identifying>
<optionalSource>true</optionalSource>
<optionalTarget>false</optionalTarget>
<sourceCardinality>1</sourceCardinality>
<sourceEntity>9CF48668-C534-E5A0-CF2B-42C406ACAA89</sourceEntity>
<targetCardinalityString>*</targetCardinalityString>
<targetEntity>35B01CDD-9833-FFDA-0ABC-3226D58056A4</targetEntity>
<transferable>true</transferable>
<deleteRule>NO ACTION</deleteRule>
</Relation>