<?xml version = '1.0' encoding = 'UTF-8'?>
<Relation class="oracle.dbtools.crest.model.design.logical.Relation" name="Pais_Ident_Grupo" directorySegmentName="seg_0" id="4FF78E22-9523-DA2A-DE30-1FFB797F8E80">
<createdBy>casa</createdBy>
<createdTime>2020-03-26 16:53:16 UTC</createdTime>
<ownerDesignName>Investigadores_Grupo</ownerDesignName>
<sourcePk>2E44D1D4-1141-DD37-CBAE-3AB6808BD9E0</sourcePk>
<identifying>false</identifying>
<optionalSource>true</optionalSource>
<optionalTarget>false</optionalTarget>
<sourceCardinality>1</sourceCardinality>
<sourceEntity>79E85F68-B38F-431D-D669-7A73553434FB</sourceEntity>
<targetCardinalityString>*</targetCardinalityString>
<targetEntity>8A0AFE3A-EEB1-5ABD-2FA3-4864B196C26B</targetEntity>
<transferable>true</transferable>
<deleteRule>NO ACTION</deleteRule>
</Relation>