<?xml version = '1.0' encoding = 'UTF-8'?>
<Relation class="oracle.dbtools.crest.model.design.logical.Relation" name="Ident_Investigador_Sem_Grupo" directorySegmentName="seg_0" id="50D8558A-6BD9-7415-4137-87EC39A2EFB2">
<createdBy>casa</createdBy>
<createdTime>2020-03-26 19:38:49 UTC</createdTime>
<ownerDesignName>Investigadores_Grupo</ownerDesignName>
<sourcePk>F1A4FA5A-448F-3925-297C-85793C9B24D0</sourcePk>
<identifying>false</identifying>
<optionalSource>true</optionalSource>
<optionalTarget>false</optionalTarget>
<sourceCardinality>1</sourceCardinality>
<sourceEntity>7E93FE77-4CA8-B0E5-3EFA-DDD56A02E07D</sourceEntity>
<targetCardinalityString>*</targetCardinalityString>
<targetEntity>17010BF5-7398-7FCD-343E-234B3C4CC1E4</targetEntity>
<transferable>true</transferable>
<deleteRule>NO ACTION</deleteRule>
</Relation>