<?xml version = '1.0' encoding = 'UTF-8'?>
<Relation class="oracle.dbtools.crest.model.design.logical.Relation" name="Ciudad_Ident_Grupo" directorySegmentName="seg_0" id="538A2217-2016-63A7-84E6-2E9C41986C23">
<createdBy>casa</createdBy>
<createdTime>2020-03-26 16:53:16 UTC</createdTime>
<ownerDesignName>Investigadores_Grupo</ownerDesignName>
<sourcePk>C3DD1E25-6E7C-3060-2102-E2024FE33473</sourcePk>
<identifying>false</identifying>
<optionalSource>true</optionalSource>
<optionalTarget>false</optionalTarget>
<sourceCardinality>1</sourceCardinality>
<sourceEntity>57848791-9CA0-F5AE-B154-027C352C6C80</sourceEntity>
<targetCardinalityString>*</targetCardinalityString>
<targetEntity>8A0AFE3A-EEB1-5ABD-2FA3-4864B196C26B</targetEntity>
<transferable>true</transferable>
<deleteRule>NO ACTION</deleteRule>
</Relation>