<?xml version = '1.0' encoding = 'UTF-8'?>
<Relation class="oracle.dbtools.crest.model.design.logical.Relation" name="Asignatura_Prog_Asignatura" directorySegmentName="seg_0" id="577E80C7-D5F8-3430-0370-1802D7FFC654">
<createdBy>oracle</createdBy>
<createdTime>2020-03-25 22:40:43 UTC</createdTime>
<ownerDesignName>Investigadores_Grupo</ownerDesignName>
<sourcePk>BD24D60C-0FC0-69BD-5F87-0B9BC9CDADC7</sourcePk>
<identifying>false</identifying>
<optionalSource>true</optionalSource>
<optionalTarget>false</optionalTarget>
<sourceCardinality>1</sourceCardinality>
<sourceEntity>28E06DC9-11F2-71B3-D19A-4D951285B0BB</sourceEntity>
<targetCardinalityString>*</targetCardinalityString>
<targetEntity>F3A80B2C-AF16-209E-4390-1E3888724D40</targetEntity>
<transferable>true</transferable>
<deleteRule>NO ACTION</deleteRule>
</Relation>