<?xml version = '1.0' encoding = 'UTF-8'?>
<Relation class="oracle.dbtools.crest.model.design.logical.Relation" name="Libros_Pub_Prod_Bibliogra" directorySegmentName="seg_0" id="5A3C71AF-D953-7259-7D3A-CED95197230D">
<createdBy>casa</createdBy>
<createdTime>2020-03-26 16:36:25 UTC</createdTime>
<ownerDesignName>Investigadores_Grupo</ownerDesignName>
<sourcePk>A0832CA7-FC15-38B4-484B-1D8C7C93F81E</sourcePk>
<identifying>false</identifying>
<optionalSource>true</optionalSource>
<optionalTarget>false</optionalTarget>
<sourceCardinality>1</sourceCardinality>
<sourceEntity>D1DEDF5F-5F37-77CC-E3C6-C7467A44DDAA</sourceEntity>
<targetCardinalityString>*</targetCardinalityString>
<targetEntity>7ED4FDF3-FA46-ABE4-7CB1-437D95D2C8B4</targetEntity>
<transferable>true</transferable>
<deleteRule>NO ACTION</deleteRule>
</Relation>