<?xml version = '1.0' encoding = 'UTF-8'?>
<Relation class="oracle.dbtools.crest.model.design.logical.Relation" name="Autor_trab_Dir_Autor" directorySegmentName="seg_0" id="5D815FF4-EC1D-D7D4-43B5-62CAC6BD491E">
<createdBy>casa</createdBy>
<createdTime>2020-03-20 00:00:32 UTC</createdTime>
<ownerDesignName>Investigadores_Grupo</ownerDesignName>
<sourcePk>0E51C6E4-6F3E-9487-B7F7-5D09B22BDFF0</sourcePk>
<identifying>false</identifying>
<optionalSource>true</optionalSource>
<optionalTarget>false</optionalTarget>
<sourceCardinality>1</sourceCardinality>
<sourceEntity>566DB607-DC9A-8BFA-B744-35DE751FB7A1</sourceEntity>
<targetCardinalityString>*</targetCardinalityString>
<targetEntity>11D7915D-FD41-814D-58C3-11170DC51257</targetEntity>
<transferable>true</transferable>
<deleteRule>NO ACTION</deleteRule>
</Relation>