<?xml version = '1.0' encoding = 'UTF-8'?>
<Relation class="oracle.dbtools.crest.model.design.logical.Relation" name="Ident_Semillero_Sem_Grupo" directorySegmentName="seg_0" id="628CE7B8-2013-AECB-B1C3-EA026C7BAD89">
<createdBy>casa</createdBy>
<createdTime>2020-03-26 19:55:04 UTC</createdTime>
<ownerDesignName>Investigadores_Grupo</ownerDesignName>
<sourcePk>A0510506-3B09-3444-8E47-66CB349149BE</sourcePk>
<identifying>false</identifying>
<optionalSource>true</optionalSource>
<optionalTarget>false</optionalTarget>
<sourceCardinality>1</sourceCardinality>
<sourceEntity>17010BF5-7398-7FCD-343E-234B3C4CC1E4</sourceEntity>
<targetCardinalityString>*</targetCardinalityString>
<targetEntity>9802DCD1-705D-905D-4107-FC8ABA6B537D</targetEntity>
<transferable>true</transferable>
<deleteRule>NO ACTION</deleteRule>
</Relation>