<?xml version = '1.0' encoding = 'UTF-8'?>
<Relation class="oracle.dbtools.crest.model.design.logical.Relation" name="Prog_Academico_Prod_Academica" directorySegmentName="seg_0" id="6396914C-D0D4-71A8-65C0-7F33EEB34D39">
<createdBy>casa</createdBy>
<createdTime>2020-03-26 17:47:09 UTC</createdTime>
<ownerDesignName>Investigadores_Grupo</ownerDesignName>
<sourcePk>B64FA0B6-3A83-4189-9407-1DF76B772370</sourcePk>
<identifying>false</identifying>
<optionalSource>true</optionalSource>
<optionalTarget>false</optionalTarget>
<sourceCardinality>1</sourceCardinality>
<sourceEntity>7C9DEAC6-722F-4ECC-AC69-DB83DD25138B</sourceEntity>
<targetCardinalityString>*</targetCardinalityString>
<targetEntity>43236B9A-BBA0-FF0F-3981-1F42AD10BE17</targetEntity>
<transferable>true</transferable>
<deleteRule>NO ACTION</deleteRule>
</Relation>