<?xml version = '1.0' encoding = 'UTF-8'?>
<Relation class="oracle.dbtools.crest.model.design.logical.Relation" name="Prod_Arte_Prod_Arte_Autor" directorySegmentName="seg_0" id="63B31D09-DF38-4436-8682-54FB80106989">
<createdBy>casa</createdBy>
<createdTime>2020-03-19 22:59:44 UTC</createdTime>
<ownerDesignName>Investigadores_Grupo</ownerDesignName>
<sourcePk>FE192054-1BA8-0F43-4FEA-31D35FECCA49</sourcePk>
<identifying>false</identifying>
<optionalSource>true</optionalSource>
<optionalTarget>false</optionalTarget>
<sourceCardinality>1</sourceCardinality>
<sourceEntity>3EBE959E-8C5B-526A-4122-546EB367EB44</sourceEntity>
<targetCardinalityString>*</targetCardinalityString>
<targetEntity>2424A48A-CD88-F5DE-45DE-DDD0A4A49861</targetEntity>
<transferable>true</transferable>
<deleteRule>NO ACTION</deleteRule>
</Relation>