<?xml version = '1.0' encoding = 'UTF-8'?>
<Relation class="oracle.dbtools.crest.model.design.logical.Relation" name="Estado_Semillero_grupo" directorySegmentName="seg_0" id="646B5D6E-BC0D-D5C9-6039-3EBDCA35F949">
<createdBy>casa</createdBy>
<createdTime>2020-03-26 19:31:39 UTC</createdTime>
<ownerDesignName>Investigadores_Grupo</ownerDesignName>
<sourcePk>E0AFE17D-70EF-3C06-A8C8-B68A3E85B409</sourcePk>
<identifying>false</identifying>
<optionalSource>true</optionalSource>
<optionalTarget>false</optionalTarget>
<sourceCardinality>1</sourceCardinality>
<sourceEntity>4E58B896-7B38-9904-2065-1270053C842B</sourceEntity>
<targetCardinalityString>*</targetCardinalityString>
<targetEntity>17010BF5-7398-7FCD-343E-234B3C4CC1E4</targetEntity>
<transferable>true</transferable>
<deleteRule>NO ACTION</deleteRule>
</Relation>