<?xml version = '1.0' encoding = 'UTF-8'?>
<Relation class="oracle.dbtools.crest.model.design.logical.Relation" name="Pais_Hist_Conferencias" directorySegmentName="seg_0" id="67B1DF24-3D9B-B85F-A3EC-035BBF12E989">
<createdBy>casa</createdBy>
<createdTime>2020-03-26 17:25:11 UTC</createdTime>
<ownerDesignName>Investigadores_Grupo</ownerDesignName>
<sourcePk>2E44D1D4-1141-DD37-CBAE-3AB6808BD9E0</sourcePk>
<identifying>false</identifying>
<optionalSource>true</optionalSource>
<optionalTarget>false</optionalTarget>
<sourceCardinality>1</sourceCardinality>
<sourceEntity>79E85F68-B38F-431D-D669-7A73553434FB</sourceEntity>
<targetCardinalityString>*</targetCardinalityString>
<targetEntity>134E8866-4B72-5D91-C059-03A9E8720E8B</targetEntity>
<transferable>true</transferable>
<deleteRule>NO ACTION</deleteRule>
</Relation>