<?xml version = '1.0' encoding = 'UTF-8'?>
<Relation class="oracle.dbtools.crest.model.design.logical.Relation" name="Pais_Semillero_Grupo" directorySegmentName="seg_0" id="6B52D338-3E7D-0177-97CE-60D319552338">
<createdBy>casa</createdBy>
<createdTime>2020-03-26 19:32:09 UTC</createdTime>
<ownerDesignName>Investigadores_Grupo</ownerDesignName>
<sourcePk>2E44D1D4-1141-DD37-CBAE-3AB6808BD9E0</sourcePk>
<identifying>false</identifying>
<optionalSource>true</optionalSource>
<optionalTarget>false</optionalTarget>
<sourceCardinality>1</sourceCardinality>
<sourceEntity>79E85F68-B38F-431D-D669-7A73553434FB</sourceEntity>
<targetCardinalityString>*</targetCardinalityString>
<targetEntity>17010BF5-7398-7FCD-343E-234B3C4CC1E4</targetEntity>
<transferable>true</transferable>
<deleteRule>NO ACTION</deleteRule>
</Relation>