<?xml version = '1.0' encoding = 'UTF-8'?>
<Relation class="oracle.dbtools.crest.model.design.logical.Relation" name="Art_Publi_Art_Autor" directorySegmentName="seg_0" id="6D3D4EE5-3776-6CA3-D664-851BC201038D">
<createdBy>casa</createdBy>
<createdTime>2020-03-19 22:50:58 UTC</createdTime>
<ownerDesignName>Investigadores_Grupo</ownerDesignName>
<sourcePk>E28635BD-BD86-8CDB-0C87-D141CF6CB43A</sourcePk>
<identifying>false</identifying>
<optionalSource>true</optionalSource>
<optionalTarget>false</optionalTarget>
<sourceCardinality>1</sourceCardinality>
<sourceEntity>044FD16B-56E0-370E-45CC-C8FEBA2B387F</sourceEntity>
<targetCardinalityString>*</targetCardinalityString>
<targetEntity>08D3628F-F38D-72FF-8E86-77EB57CEA22D</targetEntity>
<transferable>true</transferable>
<deleteRule>NO ACTION</deleteRule>
</Relation>