<?xml version = '1.0' encoding = 'UTF-8'?>
<Relation class="oracle.dbtools.crest.model.design.logical.Relation" name="Institucion_Curso_Programa" directorySegmentName="seg_0" id="788BEA91-575F-1673-E67A-D284ED7CF8DD">
<createdBy>casa</createdBy>
<createdTime>2020-03-26 19:11:00 UTC</createdTime>
<ownerDesignName>Investigadores_Grupo</ownerDesignName>
<identifying>false</identifying>
<optionalSource>true</optionalSource>
<optionalTarget>false</optionalTarget>
<sourceCardinality>1</sourceCardinality>
<sourceEntity>B010327E-2821-4D38-9C51-5F584BD67CF3</sourceEntity>
<targetCardinalityString>*</targetCardinalityString>
<targetEntity>C019879D-4C50-8C09-071D-5BF9698C8C38</targetEntity>
<transferable>true</transferable>
<deleteRule>NO ACTION</deleteRule>
</Relation>