<?xml version = '1.0' encoding = 'UTF-8'?>
<Relation class="oracle.dbtools.crest.model.design.logical.Relation" name="Libreta_Identificacion" directorySegmentName="seg_0" id="7CDE2681-7A97-A045-50BA-888E821242BA">
<createdBy>casa</createdBy>
<createdTime>2020-03-26 16:43:50 UTC</createdTime>
<ownerDesignName>Investigadores_Grupo</ownerDesignName>
<sourcePk>79334D8B-91DD-E3DD-B483-FA23CDBD79D1</sourcePk>
<identifying>false</identifying>
<optionalSource>true</optionalSource>
<optionalTarget>false</optionalTarget>
<sourceCardinality>1</sourceCardinality>
<sourceEntity>DF89DFEF-EE9A-9C75-78FE-D1831E50C926</sourceEntity>
<targetCardinalityString>*</targetCardinalityString>
<targetEntity>7E93FE77-4CA8-B0E5-3EFA-DDD56A02E07D</targetEntity>
<transferable>true</transferable>
<deleteRule>NO ACTION</deleteRule>
</Relation>