<?xml version = '1.0' encoding = 'UTF-8'?>
<Relation class="oracle.dbtools.crest.model.design.logical.Relation" name="Estado_Hist_Conferencias" directorySegmentName="seg_0" id="853E85CF-6FB3-02B8-CE58-22B9FD46797D">
<createdBy>casa</createdBy>
<createdTime>2020-03-26 17:24:31 UTC</createdTime>
<ownerDesignName>Investigadores_Grupo</ownerDesignName>
<sourcePk>E0AFE17D-70EF-3C06-A8C8-B68A3E85B409</sourcePk>
<identifying>false</identifying>
<optionalSource>true</optionalSource>
<optionalTarget>false</optionalTarget>
<sourceCardinality>1</sourceCardinality>
<sourceEntity>4E58B896-7B38-9904-2065-1270053C842B</sourceEntity>
<targetCardinalityString>*</targetCardinalityString>
<targetEntity>134E8866-4B72-5D91-C059-03A9E8720E8B</targetEntity>
<transferable>true</transferable>
<deleteRule>NO ACTION</deleteRule>
</Relation>