<?xml version = '1.0' encoding = 'UTF-8'?>
<Relation class="oracle.dbtools.crest.model.design.logical.Relation" name="Trab_Dir_Trab_Dir_Autor" directorySegmentName="seg_0" id="85730C65-EA4C-B09C-9814-9CABCF186E8F">
<createdBy>casa</createdBy>
<createdTime>2020-03-20 00:00:27 UTC</createdTime>
<ownerDesignName>Investigadores_Grupo</ownerDesignName>
<sourcePk>6C01A1F7-9F29-2DF5-F2B8-B8127796DE39</sourcePk>
<identifying>false</identifying>
<optionalSource>true</optionalSource>
<optionalTarget>false</optionalTarget>
<sourceCardinality>1</sourceCardinality>
<sourceEntity>B1E7FB30-41C6-E1C0-8316-0E2C4652E887</sourceEntity>
<targetCardinalityString>*</targetCardinalityString>
<targetEntity>11D7915D-FD41-814D-58C3-11170DC51257</targetEntity>
<transferable>true</transferable>
<deleteRule>NO ACTION</deleteRule>
</Relation>