<?xml version = '1.0' encoding = 'UTF-8'?>
<Relation class="oracle.dbtools.crest.model.design.logical.Relation" name="Area_Conc_Diplomado_Dis_Grupo" directorySegmentName="seg_0" id="8918E4AD-19AA-2977-BBF8-3530480A86ED">
<createdBy>casa</createdBy>
<createdTime>2020-03-26 18:01:13 UTC</createdTime>
<ownerDesignName>Investigadores_Grupo</ownerDesignName>
<sourcePk>DEC32814-510F-BAB8-93CA-E14AB7363ACE</sourcePk>
<identifying>false</identifying>
<optionalSource>true</optionalSource>
<optionalTarget>false</optionalTarget>
<sourceCardinality>1</sourceCardinality>
<sourceEntity>E6CBCF88-0B6D-1BC3-5DDF-4EA82F1EE4C4</sourceEntity>
<targetCardinalityString>*</targetCardinalityString>
<targetEntity>3144D05D-3204-E7EA-83E2-A4842F487DA7</targetEntity>
<transferable>true</transferable>
<deleteRule>NO ACTION</deleteRule>
</Relation>