<?xml version = '1.0' encoding = 'UTF-8'?>
<Relation class="oracle.dbtools.crest.model.design.logical.Relation" name="Especializacion_Hist_Especia" directorySegmentName="seg_0" id="9A73F752-9A4A-85C4-49B3-39B60C2BA25F">
<createdBy>oracle</createdBy>
<createdTime>2020-03-25 22:02:12 UTC</createdTime>
<ownerDesignName>Investigadores_Grupo</ownerDesignName>
<sourcePk>2A2D6E00-A65F-46F3-C4AB-712DDF424399</sourcePk>
<identifying>false</identifying>
<optionalSource>true</optionalSource>
<optionalTarget>false</optionalTarget>
<sourceCardinality>1</sourceCardinality>
<sourceEntity>95E7187C-DA70-25D8-A984-57943783DB04</sourceEntity>
<targetCardinalityString>*</targetCardinalityString>
<targetEntity>05DF8E85-9CCF-1E19-7DA5-A42F70D24122</targetEntity>
<transferable>true</transferable>
<deleteRule>NO ACTION</deleteRule>
</Relation>