<?xml version = '1.0' encoding = 'UTF-8'?>
<Relation class="oracle.dbtools.crest.model.design.logical.Relation" name="Ident_Grupo_Institucion" directorySegmentName="seg_0" id="A7C5DB14-3A44-B189-28AE-68C6452C5809">
<createdBy>casa</createdBy>
<createdTime>2020-03-26 16:53:16 UTC</createdTime>
<ownerDesignName>Investigadores_Grupo</ownerDesignName>
<sourcePk>01446C76-A523-0B36-4DFB-548451B0C869</sourcePk>
<identifying>false</identifying>
<optionalSource>true</optionalSource>
<optionalTarget>false</optionalTarget>
<sourceCardinality>1</sourceCardinality>
<sourceEntity>8A0AFE3A-EEB1-5ABD-2FA3-4864B196C26B</sourceEntity>
<targetCardinalityString>*</targetCardinalityString>
<targetEntity>98B9257F-B046-3942-8854-B69E49F85AF4</targetEntity>
<transferable>true</transferable>
<deleteRule>NO ACTION</deleteRule>
</Relation>