<?xml version = '1.0' encoding = 'UTF-8'?>
<Relation class="oracle.dbtools.crest.model.design.logical.Relation" name="Historial_Conf_Inv_Grupo" directorySegmentName="seg_0" id="B81C2581-1EC0-3000-2D72-C8F3A2F212EB">
<createdBy>casa</createdBy>
<createdTime>2020-03-26 17:39:57 UTC</createdTime>
<ownerDesignName>Investigadores_Grupo</ownerDesignName>
<sourcePk>1F2FDCE3-1D94-579F-DDEF-563BE4913F59</sourcePk>
<identifying>false</identifying>
<optionalSource>true</optionalSource>
<optionalTarget>false</optionalTarget>
<sourceCardinality>1</sourceCardinality>
<sourceEntity>134E8866-4B72-5D91-C059-03A9E8720E8B</sourceEntity>
<targetCardinalityString>*</targetCardinalityString>
<targetEntity>910CF94E-9D2C-E922-3AD8-DC893272F8F6</targetEntity>
<transferable>true</transferable>
<deleteRule>NO ACTION</deleteRule>
</Relation>