<?xml version = '1.0' encoding = 'UTF-8'?>
<Relation class="oracle.dbtools.crest.model.design.logical.Relation" name="Area_Con_Iden_Grupo" directorySegmentName="seg_0" id="BDECCC7D-86DE-7941-237E-D9F3E0E867D4">
<createdBy>casa</createdBy>
<createdTime>2020-03-26 16:57:44 UTC</createdTime>
<ownerDesignName>Investigadores_Grupo</ownerDesignName>
<sourcePk>DEC32814-510F-BAB8-93CA-E14AB7363ACE</sourcePk>
<identifying>false</identifying>
<optionalSource>true</optionalSource>
<optionalTarget>false</optionalTarget>
<sourceCardinality>1</sourceCardinality>
<sourceEntity>E6CBCF88-0B6D-1BC3-5DDF-4EA82F1EE4C4</sourceEntity>
<targetCardinalityString>*</targetCardinalityString>
<targetEntity>8A0AFE3A-EEB1-5ABD-2FA3-4864B196C26B</targetEntity>
<transferable>true</transferable>
<deleteRule>NO ACTION</deleteRule>
</Relation>