<?xml version = '1.0' encoding = 'UTF-8'?>
<Relation class="oracle.dbtools.crest.model.design.logical.Relation" name="Clase_Lib_Lib_Militar" directorySegmentName="seg_0" id="CDF1F2A2-0D40-DC12-9106-2FA1682CDDB0">
<createdBy>casa</createdBy>
<createdTime>2020-03-26 19:35:25 UTC</createdTime>
<ownerDesignName>Investigadores_Grupo</ownerDesignName>
<sourcePk>175CEF86-765E-0312-4282-818AEC0F1745</sourcePk>
<identifying>false</identifying>
<optionalSource>true</optionalSource>
<optionalTarget>false</optionalTarget>
<sourceCardinality>1</sourceCardinality>
<sourceEntity>10D4C3AB-6DBE-2B7F-E627-F6C86FEC7E4F</sourceEntity>
<targetCardinalityString>*</targetCardinalityString>
<targetEntity>DF89DFEF-EE9A-9C75-78FE-D1831E50C926</targetEntity>
<transferable>true</transferable>
<deleteRule>NO ACTION</deleteRule>
</Relation>