<?xml version = '1.0' encoding = 'UTF-8'?>
<Relation class="oracle.dbtools.crest.model.design.logical.Relation" name="Dedicacion_Hist_Laboral" directorySegmentName="seg_0" id="D2842F9D-3ED9-A629-D896-341B0B01ABAF">
<createdBy>oracle</createdBy>
<createdTime>2020-03-25 22:46:22 UTC</createdTime>
<ownerDesignName>Investigadores_Grupo</ownerDesignName>
<sourcePk>4A5F49D3-AD49-5FC9-6A56-1EFEB339CC78</sourcePk>
<identifying>false</identifying>
<optionalSource>true</optionalSource>
<optionalTarget>false</optionalTarget>
<sourceCardinality>1</sourceCardinality>
<sourceEntity>05A10254-435C-1FFA-A718-85161450D256</sourceEntity>
<targetCardinalityString>*</targetCardinalityString>
<targetEntity>D2F3148C-D08D-89A1-D3C7-849510FE2076</targetEntity>
<transferable>true</transferable>
<deleteRule>NO ACTION</deleteRule>
</Relation>