<?xml version = '1.0' encoding = 'UTF-8'?>
<Relation class="oracle.dbtools.crest.model.design.logical.Relation" name="Estado_Ident_Grupo" directorySegmentName="seg_0" id="DB67711E-7A22-BCDA-61DB-40386992E5EB">
<createdBy>casa</createdBy>
<createdTime>2020-03-26 16:53:16 UTC</createdTime>
<ownerDesignName>Investigadores_Grupo</ownerDesignName>
<sourcePk>E0AFE17D-70EF-3C06-A8C8-B68A3E85B409</sourcePk>
<identifying>false</identifying>
<optionalSource>true</optionalSource>
<optionalTarget>false</optionalTarget>
<sourceCardinality>1</sourceCardinality>
<sourceEntity>4E58B896-7B38-9904-2065-1270053C842B</sourceEntity>
<targetCardinalityString>*</targetCardinalityString>
<targetEntity>8A0AFE3A-EEB1-5ABD-2FA3-4864B196C26B</targetEntity>
<transferable>true</transferable>
<deleteRule>NO ACTION</deleteRule>
</Relation>