<?xml version = '1.0' encoding = 'UTF-8'?>
<Relation class="oracle.dbtools.crest.model.design.logical.Relation" name="Ciudad_Hist_Conferencias" directorySegmentName="seg_0" id="F4B97E8E-6FBD-66D0-1D99-15CDE22AEB36">
<createdBy>casa</createdBy>
<createdTime>2020-03-26 17:25:01 UTC</createdTime>
<ownerDesignName>Investigadores_Grupo</ownerDesignName>
<sourcePk>C3DD1E25-6E7C-3060-2102-E2024FE33473</sourcePk>
<identifying>false</identifying>
<optionalSource>true</optionalSource>
<optionalTarget>false</optionalTarget>
<sourceCardinality>1</sourceCardinality>
<sourceEntity>57848791-9CA0-F5AE-B154-027C352C6C80</sourceEntity>
<targetCardinalityString>*</targetCardinalityString>
<targetEntity>134E8866-4B72-5D91-C059-03A9E8720E8B</targetEntity>
<transferable>true</transferable>
<deleteRule>NO ACTION</deleteRule>
</Relation>