<?xml version = '1.0' encoding = 'UTF-8'?>
<Relation class="oracle.dbtools.crest.model.design.logical.Relation" name="Doctorado_Inst_Doctorado" directorySegmentName="seg_0" id="F5CC3DC8-F6D5-CE87-36C4-8398220EA06B">
<createdBy>oracle</createdBy>
<createdTime>2020-03-25 23:28:57 UTC</createdTime>
<ownerDesignName>Investigadores_Grupo</ownerDesignName>
<sourcePk>D7153B6B-5021-6D0B-35E4-1E23F87F251F</sourcePk>
<identifying>false</identifying>
<optionalSource>true</optionalSource>
<optionalTarget>false</optionalTarget>
<sourceCardinality>1</sourceCardinality>
<sourceEntity>9A64ACF7-FEF8-09F5-A256-E6FBE2F4F9F8</sourceEntity>
<targetCardinalityString>*</targetCardinalityString>
<targetEntity>7BC26D4C-D6B8-3DE2-DC42-A7E0721D45C3</targetEntity>
<transferable>true</transferable>
<deleteRule>NO ACTION</deleteRule>
</Relation>