<?xml version = '1.0' encoding = 'UTF-8'?>
<Relation class="oracle.dbtools.crest.model.design.logical.Relation" name="Ciudad_Semillero_Grupo" directorySegmentName="seg_0" id="F85671A1-B6E1-E658-B39C-6EA82D3D24E0">
<createdBy>casa</createdBy>
<createdTime>2020-03-26 19:31:51 UTC</createdTime>
<ownerDesignName>Investigadores_Grupo</ownerDesignName>
<sourcePk>C3DD1E25-6E7C-3060-2102-E2024FE33473</sourcePk>
<identifying>false</identifying>
<optionalSource>true</optionalSource>
<optionalTarget>false</optionalTarget>
<sourceCardinality>1</sourceCardinality>
<sourceEntity>57848791-9CA0-F5AE-B154-027C352C6C80</sourceEntity>
<targetCardinalityString>*</targetCardinalityString>
<targetEntity>17010BF5-7398-7FCD-343E-234B3C4CC1E4</targetEntity>
<transferable>true</transferable>
<deleteRule>NO ACTION</deleteRule>
</Relation>