<?xml version = '1.0' encoding = 'UTF-8'?>
<Relation class="oracle.dbtools.crest.model.design.logical.Relation" name="trab_Dirigido_Linea_Trab_Dir" directorySegmentName="seg_0" id="FD4FA242-6F42-153B-3F6F-DB9EC9D8A9F5">
<createdBy>casa</createdBy>
<createdTime>2020-03-19 23:46:25 UTC</createdTime>
<ownerDesignName>Investigadores_Grupo</ownerDesignName>
<sourcePk>6C01A1F7-9F29-2DF5-F2B8-B8127796DE39</sourcePk>
<identifying>false</identifying>
<optionalSource>true</optionalSource>
<optionalTarget>false</optionalTarget>
<sourceCardinality>1</sourceCardinality>
<sourceEntity>B1E7FB30-41C6-E1C0-8316-0E2C4652E887</sourceEntity>
<targetCardinalityString>*</targetCardinalityString>
<targetEntity>D0BCCD7A-517E-169A-E5BB-CE7B02160738</targetEntity>
<transferable>true</transferable>
<deleteRule>NO ACTION</deleteRule>
</Relation>